-- phpMyAdmin SQL Dump
-- version 5.2.1
-- https://www.phpmyadmin.net/
--
-- Host: 127.0.0.1
-- Generation Time: Nov 02, 2024 at 09:57 AM
-- Server version: 10.4.32-MariaDB
-- PHP Version: 8.2.12

SET SQL_MODE = "NO_AUTO_VALUE_ON_ZERO";
START TRANSACTION;
SET time_zone = "+00:00";


/*!40101 SET @OLD_CHARACTER_SET_CLIENT=@@CHARACTER_SET_CLIENT */;
/*!40101 SET @OLD_CHARACTER_SET_RESULTS=@@CHARACTER_SET_RESULTS */;
/*!40101 SET @OLD_COLLATION_CONNECTION=@@COLLATION_CONNECTION */;
/*!40101 SET NAMES utf8mb4 */;

--
-- Database: `group9`
--

-- --------------------------------------------------------

--
-- Table structure for table `event`
--

CREATE TABLE `event` (
  `eventID` varchar(20) NOT NULL,
  `name` varchar(100) NOT NULL,
  `committee` varchar(100) NOT NULL,
  `startDate` date NOT NULL,
  `endDate` date NOT NULL,
  `startTime` time NOT NULL,
  `endTime` time NOT NULL,
  `venue` varchar(100) NOT NULL,
  `flyer` blob NOT NULL,
  `userID` varchar(20) NOT NULL
) ENGINE=InnoDB DEFAULT CHARSET=utf8mb4 COLLATE=utf8mb4_general_ci;

--
-- Dumping data for table `event`
--

INSERT INTO `event` (`eventID`, `name`, `committee`, `startDate`, `endDate`, `startTime`, `endTime`, `venue`, `flyer`, `userID`) VALUES
('E449403E32', 'Al teck talk', 'IEEE-StudentBranch', '2024-11-05', '2024-11-05', '15:30:00', '17:00:00', 'DCS Auditorium', '', 'ORG-9EADF0341'),
('E4F4CDAC84', 'LLM tech talk', 'IEEE-StudentBranch', '2024-11-04', '2024-11-04', '15:00:00', '05:59:00', 'DCS Auditorium', '', 'ORG-9EADF0341');
INSERT INTO `event` (`eventID`, `name`, `committee`, `startDate`, `endDate`, `startTime`, `endTime`, `venue`, `flyer`, `userID`) VALUES
('E9157B7FCB', 'UOJ coders 3.0', 'ComSociety', '2024-11-02', '2024-11-02', '08:00:00', '16:00:00', 'CSL 3 and 4', 0xffd8ffe000104a46494600010100000100010000ffdb00430001010101010101010101010101010101010101010101010101010101010101010101010101010101010101010101010101010101010101010101010101010101ffdb00430101010101010101010101010101010101010101010101010101010101010101010101010101010101010101010101010101010101010101010101010101010101ffc000110801ce02b503012200021101031101ffc4001f000000060301010100000000000000000004050607080900030a02010bffc40077100000050302040305040506040a100e13010203040506071121310008124109516113142271811591a1b11632c1d1f00a172342e1f1182452621925555672949596b5d5333435373853545775767782b4d3d4d61a262728364346475859667392a2b2b6c2d2d739447497b74863678693a7b3e2f2ffc4001e0100010403010101000000000000000000060304050700020801090affc4005f1100020202000404030507020304030023010203040511000612210713314114516122718191f008152332a1b1c1d1e11642f1243352620917437218253473b2353637535556577475768496b3b51926668292939495a2a5c2d3d4d5e2ffda000c03010002110311003f00e77db9c00471b68219efd5a17efe140dcc0190c86e510d77ce7f70ed9d384ba07ec03b63039f9e9f8edc1fb73e85c7d75c008e47cb3ebf7f0c64ec7d48f4d9d8d7a8fd7a904efb7a6ed38cf7fbc76feffdb7c2bda983411d0040a391f411fede15d1c7c1c83fe713cf38d4321f2c17cb7e108d14c63d34cef8df3f5fdf81c6fc2ba3d5c1c81a67acb9dffcac7e7a637cf11538defe607b7dc3fce87cfbf12119d8d7cc6ffb7ebd787ae20f8c600040318ef8dff0df3f700006ce4462da8067d43be433f20c673fb33a70d4c4aa3d2190c806338d3cc7d71df41efdf4c03891caec390d83abe603df03b6f8ef9e21acaf50603eefe80ff8e1946e430dfcf60fcbe9efdbf5efc3b916b87c0223df18d874c6f8f3f20d75d787360dd015747501c0677ceb90001c69b0077db1d23a8e3865e35d6daf90eb91d44433a699cfcfb0698d97b0ef70e520dc318f90088634c7cfe5a69ae82b9088953dbbefd75df6743bfccebe635ebebc1562e4efb07fe53dbef037e9ebf3edec75c4b1a5247a453001ce301bedf3c8864431a0e9b0643895b413c55759ba69e4c26e80000cf986bb600741d4323801f3e21451c751c28894991111287a0644a1b86a1a7cb6edae277db4418c2228c849188502014e04112898c218100d433b77dc318f3e2b7cf858a37d0ea73fcaa3d492076d7d4904fbfcfdb760e095a5954b1e95561d4c4e8051a3b2dbd7cc0edbdeb7f2e2d67959808f6f28c67aa4748338e8f023851572204209ca00244c803a98c23b000770db3c5988f30f6fdb1c8c5a4a11631304ca440317b87c4631cbaf70c00e43b71cf6b8be0b824564c171450207411321840a5c0748080144433b0008fcf852535729c194228a3a318dd406c89f3afdfae74d83180dc34e2b8a13f33e0a7b973176df1d3dc50924902a79e610c1962595e366452c159c26ba880493aed2dcc7c9fcb9cdb6ebcf94bd79d29d65ab5ab5631c5045dcb3c8c5924691ddd892769d82a01f67a8f46f0770e16648455b3f6ea818004131390870c80e9811ef90db2001df8701bbb49c260a26392e35d4071a771cf7d807611db8a10a76f33f6254cc83f513e9e9d015110ce31a6e19d75000c6e19d846c1797de60dbd4481e0e6de101c953383658e7c81c00a3fd198723a60044a39dc301e87fca5e2ef3061edc70733bbe4b1926d1ac3006d57975b8e5eb1af313ab4245201e93b1dc68d39cdfe104d8ca53e4f07686420afa925add056d241ff3481576b208ff0099ba3ed05ee41d13c3fd73ae9c5d1cdd6070b105d7b337b143acb9c6a0531c3d702600eff80d595ddbd12b503b5c537cb0144c7e84d3504000351d8a200180c69f0e83810e00732f76557b5a4b74b9106e9a8a208940df0953484130c0640047e1f20eac984433a8c454ea724818ca1d40389d436e6ce9dc31910d7f2130678ae65196e76cecb92c8cb24a6dceed0a31252184bed23452085441f6001ebaf5f95adcabcb588e41c14193b10acd999a9c534d24aa0fc334a82430c4a46d594369dfb1246868e8f012acafea86e0aaa43b855328984440e263603203b18474ce760c00798711bea3bc0b2e0a212185702629c8ae0c203e9d5810c6b90feee2434abb66b94e998a51ea01288e00076ef8dc321b0e9be071c428bbd4cacbcba41182521973180e2203d380011c8817511ea10c6a1a6723b885a7178742b5586d468253d48a5553a5c16d6ba48009ee077f41ebdb435131f8b11d9c8494ad30ae9d124892b39f2f518ea6eb077a077ea3e5e9ee10d554cd37365504c04415367221800c8eb8c0ea3ae074d35d0381340f33d762c6479a3e81938d5a393514395b3d44eb001143898c98742c9e0863180700021db61d18caca93aae18a554add57a8aa3821da9143180403fac4c1b018c64404471bee39616566a59a2aaa0b26e9259001151255350a648044306394c002528e83910028864723a64cf97e2e60e54b8b6f1576fe2eda298fcc42e8de5c814b47bd7da8dc01d4a7ad5bb76edc0e73445c93e22e2a5c567f1f87e65c54cc24929db48ac42648f6a24685ced1d0b940dd2ac09201efc4ea9ff10c9e996173e36e45a786a894ba74db7a52a49783a85f53728110c90324cd36bed23e5da028d8ea28a14c6403a84e6288894356e6aee7de2ee15c6b490d54d3c56d6021622dad3970288aca2222ba6a51a39d81e42a08248ec4146ee1f372228383b76e8ba7ad0aa3370928898086833295282e062b82954c947390c0eb8dc71901ce074ee21e5c36930760e7ac4a6e831b3f088808076df01a0e83a869f8f16b54f1179ca458e3b79016143c2f275d5a8ad61219de7682ccb5a08679eb4d24b29b10cb232cab2c8a74589e289b9fb3878382596ce3f96063ec0af6a1a8d5b259268f1b359c6d3c4c591c4d2bb6ede3f1d92a34b1f8f4c75ca9562929353ac62d797a33b29e75ca75f79bbd884b5b7a469fa9a975aa1796622e9baa8f69a26e7c33eabfd8c6349134a18f0f153f034c9d05d8a0983534a87b523a6a772989849afef22dcbddb880715733e65168d8899b85234452ce16a6985654cb2946b4434ac3ec4a9eaaa7a75a2cc9462e55734e39988e8799228ec1a2ca46354947666d5c128d87e2313060d4404a39c8ea1be75c064350c08eba0f08f72f5d24926cd45dc2f1c93c4df1a31472e0189dc014133282dc8a14a558e809d132e98157048c2429c0372ca7ccf8db74a58f25cb18bb779c318efc65e874b199dc34f1d04af2cec2290404b593fc386270a6633bcc1b77c1fe6bc5e76a5de51f17b9c703cbd1320b9cb7652a73309614a146b18685ae6693274b1a9f15526c8aa4389ea3632b92af24ff000298aad8b39b7d6a2bbbc35b216eedac31aaaab1f232ae9846b272d9033e6f0ed577ef956cabe51aa26295a3555c900e64cca000140bd6205e01dc3b197aed2ca1d85776deb9a3a4106c790051f42c8229919a4a8b733e4a45b26a343352ae228fbda4e052039885ea0318a03202d5731742595aad2ba16eede4fd1d73a1622659423946ac6d56d08f55998a7114f1bcb5313f0884f366cbb574b141db1acd75da1c4a74d9add0041988b78c05515cc3c6d337428692a699b398a7a65c55165aa5520ea4727a7e79bcc1a1ddb0a8d39168fe9f9a6c8a9172d14a4b3722a9aa0bf5890876aa93e0713ca33d06fde3cc33d3cb99a4680d6a935ac73c3d310855ccb0d7b104e26f311de56487a0c6e198751e02b9f79dff00682c5734557e4ef09b0fccdc8631f563cbc398e62a384e6fad926b16be36e54f83bf98c4e4b16b4be05e1a95619b22f605a89d2322146a5b55d54b28da49d847b9a81ac4a24732cf578b3499635aa8b11149791922a0770cdb9d639114cce1da4819531532089c40a285732112a80fbcc41d3111c7b48d7aa361c887489853768bf48c1bff004642a0223ffb606a3c5e7551ce2729553590e619ad114dd3d656aab97676b5a5cb6f59502904bccd61295d3aa81a3f5ee24533f632118e614ed116d0ceced908b7a4708b76e93745132b4d56ba83a52e1ce48c2d557123adb9138c33a8a969862dddc5bf9122e82648d78aad3312a3048c89d4545db64e4dc0192e82c7a8063289bac8e161ad671d571997a79b92fc4f21951e08a18e412baa46cd6a5060f32255711daf87954928d18621787bc8fe2364f98319ce195e71f0ef98fc35afcaf93af4a2a9762c95dbf7eb350a53d9bd04386a061c8c305e9e7aa9630726628cd144258ee381274b54e1a44aa222ca60e98886a8cab151a980c21b24b315649139750ca8b0b401c80f40604384cc842bf5720d088c80e43e18f708ba5047bf43749417271c6047088e0323e7876aa1b59291d741a5aa869ea66b098969982858599a724c5c53b28eaa1f7208df6120e506a2990aa3d450762b24406eb91620898a9f599d6bade1edce15b0748379db23564c26f4ef419bca29ba75bb371f67a6655d8954a654915132a0429fa8cba490098a2917a95014c1d53c3e4e5599a3c5db9d294be45a929c52ce904dbd744af1ace80fd93a20856d12a48efc49657c45e47c4dac354caf3e72e626e732d06c9e029f30e471d8bb796c7c491cb2d9a156e4b8cb132431babce02349086dccaba3a82522559ba8649c24aa0b1044a7456219250825013081d33801ca38d3021a0634d4784cae7130886e238c0798fd3c80040741c7dfc3c2c297ba530e2a6838aa6ea898754343cbce55308b43ba915697888239129a9095897cd953c5378950e52482aab744cccc6105fd9749b86de48eab35888cd536566aa8822e8853a0fa2173b674975a2e524cc2099925c825551541b1d139440c98090472fea566055caca8ac48569617542c180650e03062ac0a3680208208077a7b3e5a19a492bc3351b53c291c92434afc134e91cd18920964aee6378a39e265962dbb2b467a919974c5bc9110ea31447601c6720221a880ea38db6c6dea38e128e7a404c3a8fa671e43eb9ce471af6e17f26940b9c8a4ea423551f84a93b453906b928864ea3d6a2d9c940da7c29c42d8c0889c475e126bc42871319b3d8d7b91c941278440e250efec9e8345034d000c529875f8738e26e3ae77bd2b9eda2ba248edafb23ed0debe5ec35c473df8c2812078483a6f3d1e3407dc094af90c77df69230edf4242644444047cc470038efaee1ae00301bea1801cf052f474c0f9880e03bee1aef8ce3850ba8e7ec849ef8c9d360380890eba0a264380774943141354b81d0c99cc03ae07b8a7dd8088980c1b087cb72806e1a76f9677efc49a46427da047a0d11ad0ec40d76f51f8fbe870c0d8495fcc474756d90c8caca403ad065241f7effd77c141c7018f3fdf9fcf8fa90008ee03f5ec1be3d33a69dc33c7a30761c07563401df181c6e3b8067f1f3e3da41a88006c2001e80219fcfeee1cc63bf57b0d7f71fedf9f0de593b13f5fa7a9fd1d7de380ca8080e073f1680039d3cc07e41aeb8f20e0218040d9111c000e9e7bebc18ac1bfd07f1c7e5c00d4c71010d04475d0721db1f300fefcf1ef4fdad9ff004ee384d1becf73dfd46f7e9db5f3fc7d7eed71b13c7487ae47d7511feee3d0864043cc043ef0e3d94990ce701dbbf1f04a21f2ec3e7c29d075bfe9effafa7e827ebc6a290035d3d31b7cfe7fc7cb790b9c88edb7de03a0fe3c78e37143001ebafdfc62aecfd3e7c78c7409fcbf5fd78f58ce9e7a7dfc6d030750974ed8fdde9aedf50e357198c887a08087cfb70b7ebf5db84381440011cebf08e431e61dbe7aedc0827eb07d7f21e02a7a74fd3f1dff003e0513437cff000eff00b38ce1063b24fa7fb0e0724221d3f3fc7238fcf8dca1804c4f300c8e9e43f76a3fc6fc074c738f4363f1cfede369ff005803cc3f6ff6f1ba7afde388d986c303f4fee35f2fd7cf81288e47cb50d07e621f8e3f7f07280fea8efa887de00023f410fafcb82348db6fae435df4fcf61c6da0f06e81844ba0631a87cc04043cb41db7dbe7a3943ea3f1fedfafc7882b49befaf9efdbd75a3bfbc7d78503736dbe339c796c3fc7af076dcfa907401010fae7018ced90c06bae723e5c275b9faba47d43bf960047d741cfd383b40e21e5a0ed8ee18f3d341001dbd387d1b7a7d468fdff00f5edc0d5c4277dbeefa7a6bfb77febc2b5a1870019d407e1101db21fb34d3cc7cf851353797980ede7d3a0fde03a67f3e128d14d0be62019f41df51efe79d07d037e144d4e1a63411dfe7fdfb77d075100e24236febdbf1e03af4676763fcf6eda1bf4d9f7e156d0fa9701af517218d4350cf96c18f9879f0b0663f0973e78cfc80a3f8070856a6f889eb80fddf4001fc33bf0b064a64a5ec02203ae82190d740f5dfe7bf121037f4d7f4ff5df017938cf7d77f5fa76f41f86fe5f770b86061102eb8c60403b6739db5cfd74c9b859479c34dbc800073a86047cfcbc8035e106c0f800d71af6d7c807e5a88079869c2b9829810f3010f20c8ec218f4ee3f5e25ebb7a6cfe3dfd3b6ff00a7b7c80f9715de522ea0fdbd77bedf32347e9af7f4f5f5def87158a81f0635c87e21b0760d35cebdf5e16d1eb60321ae40303dbe59d3cc33dc4071e7c372c9501c7eb06a021df3b7edd3e42190e16cc950e92897b86bae8039cf906d90f97a631c4c42fe9af901fe9f98f98ede9e9c569958090c0a9ee4fb6fe4367dbb77fededc38b1caea19cf60d7410dfd07cbf0cf7e16cd16c635d471a607d71ae35fafa0f0da47ae002181c685001110d4360df23df1ea39edc2d19b80110cede7fbf7c6dafa63cb032b0c8343b8effaf5f98dfa7cbdb8ad72b5bbb103fa7dde875f79f4df7dfa70e4b25c040076ce34f2f4c77c07a008e4431a870b08f5b1811dc0703dc31a8086c18f3fe032dab273a00877c63d77dc7cc074f3d47be00162c9d00e35df18001c8e99c6475ed8d74d403d38948641dbef1e9f5f97de3fb7e3c56f94a8da7fb3ebb3e84fcbdbfbfae8ebbeb871da2baefdc3cc04435d03b6f9fcf856335803a47cc4037c633a8e9e63a86f9db6df86e19ba0110011f200111f9e00476f976fc32ad68e8a020023811c68238d75c7a869f3db5cf12d04a3b771efadff009fc3fb6fd38af72551b6df64fa1f4d6bd8efd3d09fc8ef5c3e74e2803d3aefd21be761cebe63c3c318a88000eda007ae31a7a069df5d33e41c3134cb801e8c1bcb41c673db21d8751d033b087600178e316c806a01912efb640443cf40101eac7d475e25e0906c1dfcbf2edf2fd77df7e28ce67ae7ce7ec7b13f2eddc77f9fd7df5dfbecf0e436543e11df5d83f706f91c69e819d75e0d455102e9900dc43b8eda7d7d403efd930cd4c86739c60435d7be9df701cfdfdf83351c014a500dc37c8e7600fd9a647d4475cf13f5a4040f71dbdcf7f7dffbfd78abec57dca3a57befbfe1f3d9f43aee0ebeff005e0e1b2e1d5ae3018d44751d7d47218c6318f97a2a1aabf3d4035c8f6dfe5e99ce0a3b08f0df37720260d40750dc7238f967711c069a63c87854317203a6702020021e5bebe63800ec23910ce73c3c934ca35ee0ff0083dffcf11390aac0775d06527d3d37d3f80dfa1f41f2d7a70bd6ea64b90fddae471bebfb807d38364c7203d834c6bf40d3cf5c60034c70966ab86035cea1a0fd73aea3f906b800c8f07c82be4381c077d77101d87c8351cefea18e22a68fd4fb1fe9e9ad7dde87e7c065a8482df43dfb7cb5a3effedf3ec38352607b069f3cff0070ebb63f1e3df01c86d8d8f3d3ef0e0470cbd388ef4e338ce338ce338ce338ce338ce338ce338ce33bedfddbf9e71fdfebc6719c6719800dbb8fde38c8fddc6719e41bf7f9683afec1c7e41c6719c6719c6719c6719c671c5920a6e38c808974ce34ff002b03f4d3cfbf07ed94d83cf1df6f5fa6043e9c251b9f21a00e99c675f2f3cfc8338db1b8687add4c8771db3dc75faefbfd721ebc7c92908edbf6d93af5f6238fdf321ec3e63fc7a1e160d54c0efbe37efe58d33a80eff3fa2a18a820a279ce7a8a023e7af6d31e43b87a6dc221b2a001a9bb8007d72191011c7e5a88870a762b7c6410ce725d7be4350c6bbf908886bea3c46cc37e83b903fbff00b0fa76e242370577f4d1efedaf7ff4fa70f5c4af8294701a607f2d07b08790e33f78f0e047380d036db6fd5f311fa8efe791dbb35116b87497223ae03221afd75d341c8f60cf6e176c1710feb770c674d723f0e981d871a67f7c6cf1faf6d7d3f21fd340fcb88d5721c8dfbfa76d83edfd87d3874d83a1010d4721a607b0671db5fc075efe4e253a075dea2526723af986044bae473dc771fc71a35513d6b183711110cfd35dfeed36d3ee7422a59b441d23750197e9d047a7051100ee2202220218db03ae9b605f22a7a4aa0db1234a3bfa807647cbe7b07e5eba3c16618804b39d2856efbffcaa4e81f5ec7e5f5edc4b9a45e318041370e84a75ca5c949900f8b4c7580e07018f2c806ba869c2e0f715c3a10211612a60382940da603180c008001718c086fc43d42ab59c9c0c758d8f51100df4d4076ed9cebbe33b2aa3e70c3d3fd20808880064444040400443cb001b7cf7e04e6c475b34938ea93b6b6010be87ecaec8d76efdb67dfb6cf048b98f2c2c311e941efdbbfa7a9dec9f5edd81fafa712d232aa388818ca8e818df5c880000080ec1a6071e41a0f674606b3313a43da636d8c3a69a69db4c7eed34862caa0e9000ebc68002191c0671811d7cb1af6c790880aca2aa731303ed074c0686dc71b67b86801be3d3882b7895763f63d4fcbd476d0febdb7e9bfca6e9e51963059cf5763bdf6f6fbfb8fc75af7e275b0af0e5293fa6c0171af50e7b69e5f806a3df3abed6beeb2d1b2a8289bb32672a853640fd22039f3ce702190d7002018d8478ad66b56180000541d83fada761d07218edf2dbe6baa5eb83b67e89bda88001cbfd710c088f61c88e9d87e41be381cbdcbc9341227406241f6efe83d37efe874083b04f7e26e8674c7613a983213a60da2194e8156077b52090548d11bdfd25cdf4ad0eacbb8585611150e6389bab38eac888efa89847d75c6e218e18389b8256c6022aaf4801ba804474e91d007510ee250fa08e7cd2d75eab17444d705722a209889bab51102e3ea206cec3eb8efc46e7553e740544a25d325374e7be47500c06c021df3a863873cb38d6ad1c2eabf6e2217bfcc11bd8fa0d6f647a7a7a9e339b6dadc8de1663d32aec15f6d8523437e8013e9eda1edc4de7771181113aa65c31d23af500867023dcddc341c0f6d444388f7217562e4ea6f64b2a532089bf5c07a803261c8683a698cee001df7cc7a93aa951298a670a097060c0a838c6be423a64741cebdfbe18c959b54abaaa24b28438287103904c5317e21ee51298077efe98c0638b720cbdc0b5d56340b1489232e8112142a74476ec7befdf7f33b26921c9f4676bad2d894c92c2d144e06bca2fdba80d9248f4f6f5fa716b11b5bd0ee1a95b48aaccc5eb2983da0a42710d40009d4223b6fa6436c006782c457b352b53cbb13c6c6be51dc4ae548872b72aa728a662949d626289be21c7c22051030808806bc541c8d49206501619179ed1301f64a03a5bac822023f0180d9280e33f08f61c80f79d160b91db97cc250c370a99b80bc24cfb331a34ee567274cc00612022a3a49723847a84032627514074120800f17872873266b3f6a1c7637956865a7a886e4b1bb56563521511cbfc5b4238558f9caaaaecdd4c55402c7679a7c50e4ae53f0ff116b98f9abc49b7ca98bb8e98f4bac9745686f5b657ae1969b3cdd00c44c8ea17cb50480400788097658328baee561e2e31e42b5078449bb27eaa6b2a982c7000395548ca94edcc26ea487ad41e8ce47380e1c9b9bc97de3a029d7756aee2939b8060d23dec93c8a9e2a6bc5b6905219322cfdacaa31ea269a079f8b074aa47591401c94c754a522862bc1707908be14c52b786beaeea48d6b2d69d16528e9a9cd2532b544c16f6464ddb29144a751a9884395429641b11237b33905520140fc467aa399ce615ad3b2745d7cbbb92a7ea9896cc6423aaca78ec15908632904f912b77844639e024ba50312047282c263362099353fa61538421e5ec6e18e54739e0f398eb37e16b5cbed58568e3a844b7a2d64215fb31c0f6a38230ab0090c51c9242815e366248b9f737cdf172db7841cebc95cc947056ab6379dd6ebdeb32e4925a982c8ac983b6c14d8b0989b93db12b5d3034d6aac76262eb3ac6d65d2b4b57db9ab5c52628baa8d7429d84aa0ef21e2654c8a70f3ad1bba6ee954d46bd456c02e92401fa465a3dc2864ced9d2c9ac989a3e3f587ace558a25390d8314c1d2629b381030086404a3901010c808600341ccdf71ceacd966aa5a9d9d1c953f54cdd946b6619cc52d53cac67d8d1f12488460e6d9a4e517ef0af99b689041c15292405d0ae2b15644c9f4a8de4a731b0d2f6f5a855549d275adcf93af6524eb297a9289835d498a59d530ca2190379f6e9b793672e9bf6df682ce19a8c5d2af4857abba5cee1d91477362395659a793199c7853aec4f1c33509cc3156132a5784589a68accb65a3747655af2811acade6b488b1ccf319cd1e2855a9460e63e4982dd8116369d9b94b39416dd8bf251f3b2175a954ad631f5f1d1cf0cd024cf7eab79f2555f865826927ad0fdcf498071dc407e9b683ae7d321e81e6040e4a0003b088e07e61eba79ef8f4ce8201c59996d672ab5fc944b389a8a2a9284929ab671d4dbe8cab0ee2ab9a6f371a05af50aa61e69459bc13e8291f6eab77c08b48f12a48374c1e26e08b0414b9d1b6e63251025bc99a8df330fb45b4b30a9dab307d16fd849ba6a8823251a54a3e559483249b3f4d745b3651aa8ba8cd522dec4ae97979f95ed62a05b125cc65a85ddd237a77165697ca9122768e2758a575059244d26e5af22598d5e06322b3c278998ce69bcf8eaf86e67c65d8a1826b1165b0d3411d5f8881ec451d9b30c966b432f4c33c12a997a6b5f824c75978af84aeec5c910723afeae980db00003a7cb5fbc47d3848bbea131832221a886a2202238d0447410efaefdf60e25f4572b9752a8634aca32651246956c6b1a8993609864bce35a45ecf254e055aea9f4551931836f24a74aeba292aa2689057512224207e1adafac0dd1a1eba77404a53124a49232cfe318c826cdc210f289319208b5251b3f749b74108df78323ed9cbd3362b4059307a0d84d817bff000f6620892dc98bb82073088e56af274335850f005fb3dc4a3bc640d31fb20f576e3c87c40e4cb9767c557e69c2cb90823b92cf5132157cd89284a21bdd7fc40a0d593ecd85ea2d1afdb65f2c160c643ceca52d390f52c239165334fca30998b765211516b2318e9278c972a6a1544d4f64ba29a9d0721887e9e93144a38e2c417f172e652628b98b7572d8d295f51d5144c941d46920d9dd1752bd8e93f6eaa86635253cb10f1afd074b7bd20ec91cb80189ecd76ebb739d21ae99a8b790d2725152042a4fa2deb88f7a926aa4b91274c963b77291576ea2add621154ce505515144942e4e99cc4314dc22644a219300ec1fc0637c07980760f4e26f0f97cc61d668f1f7acd259895b3021d453749e82b3c12ab44e402c84491b6812ac3446c339ebc32f0d7c4d93156f9d394705ccf3e25d6ce0b256e00f91c5b3324e9671197acf15fa3279a91588a7a56a2659638a78dc4891c82e9c3c54ed8d6f455d68aae2ddcedb5a96b2b71752878d6744c6c0d4d47d44f6b6a6a0e129fa9ae34bc89e22aa7b3d0a48208f7cf1b46c92326cdeacecedd2512f7550a21ee5f28d706fe72b33b5fcfdb9b994c539cb44950d5b9ea4979a8da6e9eb994951d5948332b4a46e0458c6929d957aa45b1a7182b1ed21d9cb2cd4c84726648cd1c5203d2e323a88e476d43701f907a0edf211e13eb173d403e78ed8ce9b0761d40044771d76e0f6a73c65a77806462a79111495a4dcd02a3482ad949c2b226ab0ebe92accb5d59549742b26df8e7bbffb23f86d8f8329172664b9af91ff00796373f8d0b86cd4d28a899ec05ac134b5ee5aebce06a2b645ca68d996469e18a0b026a71c55e2b306fcac437317611fdcdb614438a52a9ac79a6a3edad2b2d5246161a9c5606b2426239b1e36469c5d952b1f090f2318836a80a5a55cabf6bac0a47bc624789439591aff00c2ff009a1a41c3ff00b263e88af61d924dcc35152d5947b68b5ddbcaa97a29ac4a44aa8b4e3ffb69cd469a31ed630eccab3d51fc70b2f792bc444d10226b8ada8855dab46d5f54526abb2024f0f4e4fcac199da25129c1274318e9afbca45314a6149703a6220190100e16751f3517baa6a62bfa4a7eaa6d2cc2e835a71ad74fd6a729c6b50d49fa275237ab211e4c5471d18ca625a55b4c3449634b4b3b7d24ba3d4dd574290f4164d2ef2d5c801bf8dbf15e5ae14cb427ad1453584599d5e4568085f3e678d5cf9523c718ea0eec844bbcbc9de3f72ee65d392fc40e4bbdca13e792ca6339c7039bc96471581b33e16a4f46a59ad9a866b526271b5b27731ea72346b5bbb28af2d7ad05a8e5c6314ba353527312b00e82560e5e31fbb8a988a39d64176efd82c76ced93c6a51e932882c92892a92a5314a621830201a8b7cd2a5469f6d574a5186734a3f93730acea5520956516ea6193745c3b8b4261a208b35241ba0ba2b2edc0ea2e91154cea13a4e03c4d6e5a2e5d98e5cae7415f685b84eabd7d13013b1f3b42d6b6f5e5295e337d55c1b9827d3b6e26993eb9744c8d454a3a7e7998291a9e6696fb408ccc455ab15ddf4256a4a73c3e1c97d2c8d5b6e6e6c09e01b34527670ad6b8a19aa5565695db8b734ed3acae3c4b9a317794dd39564a5411abad36449c8fb7493f7b3a8751e2e52cee1396f1f7eb4ab6798e8632d059cd5ab6a68248195152484bdc8e76876e3cd492311ac8a630feae914815e2878e3cefc9b9fc4ae0fc06e75e7fe5693f7547cc1cd9cbf8ecbd0cb54b32cd6ab652ad2e53bf89ab9775a9d38cb15322d909685b8ef490acab152b77e0e6bc55a61d8800b455828200225154ea221e845404444b90c0098a51001d74d78d858762202640e6300867a80fd41ae4004072390fbf1a6bc7419c98f85af2cd7059d429dc8baf4cd76fe4e2a2e729a3d353266e9453294685709b17408bcea3bc6aa98535ce712f5f48941120944bc38755f83bda8a7e7d4fb025ddb8894d454e913ed3515154e90ac604d4298e2514324c087eb0971aeba93d0f07f9c6fd686cd6831f234ca2435d6dab4d1a172a1d9d11aac9b0a58882c4ac80a8708db515fe6bf6eef00b07cd997e4d9f31ce35ef6252197e26e72f5d871b75658125e9a53e41ebdb6284985c4f5d08911c8ea44eae399d751899340130e99c86d8dc339d433dbfb782df70286003381d4339d7023dc075c637e3a1aabf900a621d3509ee0d488b444aa98e42900572e44a42984c513090dae4047021dbb8c7d9ce5121d251566d98a28802606298085c01440c0052001434ce447018001c6072022cef785fccd8f72b62bc41f608018ec9fc57bf7046bb8241f51df82dc17ed77e1c66e357a762e3a1d12f2089404fb0767449d90ca7a4771d43bf73c534fba0007eb0fa69a7df8d47eeefc6b3b6c06f9fa67cf40f5e2cca6f94c876c555537b4eb2f518e0450c502feb6e25d76d47a87e101c806078692539746a439d36c074c034eb131c4738110000d4a39d3c831f88e58e58cc553a96b68fb00c0923b77edf7f7deb5c59f8bf1b792b280341909f5ff3178f4abfca77fcdd477eda5efedb1c42206c2039c8e7e9e58f3e36021a80898321a86ff887ae3e83c4be272e474c43ad451429b021d202021b6701b6ddb3fac39ee221b56e5bc12485523b540351e8c6802391c0fe0038cf7d386bfb9327a2df0ac00f5d91dbea7be8fe04fa7136de2af27ed57f7a03b3a53e5b1d92076f42477f9ebfa8e21c0a46c8076d473df38d31ae077f5f2c719d02021dc077f4f3dfd3d37cfa7123e46cb3c67d409a4a284c0ff4b930635c64403ab1f767f1e10b236d265a80a8811454a19c9303d4180ffeb69a8068223a6fc367a1663ea0f138d7fe527e5bfbc770011c4cd4e73c05f0a21c84243eb459d5413d8e89ff009747d4305f91e1afe37869810cec1bfa6df5f3e0d9c42c935eaf6cd96000dc7a0c2018c8888ea23b086bfbc3800289834129807c84077edb8063eee1b18c8ec7b1f70411faf7fd7a4e25a8675dc7246ea40ee8c1bdc7b82411f776faf1bc9b06bdf3a0e074c7f1f50e3daa200a173fe4efe8223f3cedfabe7df8f0993500ea0fd50c8637c806037dfd3e7f5f6a94dd699b60c0e40771d73f3f977ff63c628d377f96c7f4fc7ef1fe38425653befebafe9af5f97f9e372639c7909b4c69a0e07e9dfcf1c1b21a8007a86bf3d3f0c6fc4c4b27c95cedf2a72c8d6148d75148d275e5c5b87415e99f918576463cb637b634b0dd5a96b8adfdddf38565a8a3d8b6553dcf86936a9c5ba9a52dd5cca56398aefe9217b22e659fe49adc5c069cbc41551cc1cc50d74f9c6959267cafd248d98fd27a4a5e3c6efd536168e9bbdb5e12e7c2bdb50d6b4bb344d534db5428ea2af438836512a4f4f919463866ab84fe3aac65c34a7684870b1cae54af9dbea54463a02099b646ba10befa0ab1652d2b12840b183d636accf1a020f95d3a66751b2d3c4bd3bdf5b84d7506020236c86007b0863e40218fc07f769c1cb736701be071afa0e33a77dbcb6d7c864846f2b526bbae505aaf563768eb9b09c7d06dd23c2aa73d02e185f29ab24a99f0964c027c41ec2a93dd0dc62b08ac58eeb31d3f7d3c8b84e49ecfc7c35bd25cde66a6adfd6776eee5d5b4740316f6257ab2824642d95711340fdbf5f5671f74d8d4f4c434bcc4bb674b929cb675e48c4c69175d3672ce132b551d7c7568f419d8ed9d5424534ac5a332ac83a638ddb4a6097675d3a4277a2a4c058c7d8903158d400a8cc5e582250b2085936d2c88a0b09e201764edc2eb60ea0334360a51c6033a07a6004003d73a70a36c6db5ee19fa6047f0ce3b70f35abe5bea6adf98395e5f2a2998ca0e5a8c757716b9550be45d4e30a329db05485695eddc9b4984401ddd42bd3b48dbcaadfc644c71d356a07ccda46b672d85e95ca52060394bb63722a7b5c5b23cc416a6b7b5c12f8bbace66e45b86b6eee75a686e5c2da2579aea54b52da5a56e3dda095a6d6b6277b376e2520ab7745aea6a0ea2a555469d978578523f176bc27a5e4235009cb2c72ba088248e1cc888c83a96194a2960cfd0428274088d8c7da9d3aa38d4ee61582b4b0c7234c5e08ca2c7248b2374bcf087654289e602ecaa0910e1b187a8baf728e3b6ba87de3fc6bc2bd89f25001cee21811fbf380d37f30dbb8ea13568ce4622ef5d5360637967bad3371a9ce61ab9bb168a927770ad935b575a445deb4b4552b5c3ca52a0a421ee3dd08124254f1d5ed144a66aa89afa500ff69cbfdab0916f209460f59bb4dcbe569732def31f721814d174ef2cd6fa9bae6b859f325f2abbaaeed50769a06942089923329b7cfeb27d32915c10c031f49cda42982a52095f4191a84122700af90195d648dd5a7b2f4e15749155d4c9663921019412ebec08244b2788bca00f87660eb6591a278e5474ab4e2bf61925899e375869cd15862ac4047ec7a811c378c54d035c6b9db5edbefae3856b2576d077d33df2181fcb21eb9e263553c9b5bf853d57465197ea5aa7bdb4259287bf350d0150da135214ac8d30a5a8a76f3d571346dc36171ab1565e7a93a0e71dcc192a8a8da363e652a765d067209c9a9151b248aa8b95eaca89b77cad5cc99948f2c07349fa569d3a8a298a9214b3da4ab6694b3b673cd7dbf57b77f0b334b56f16437ba19ed3d5445b848a28aa9b95a52ae52949e4959883330489648a689a43e44969591258d1991abc32bac80796c2370ac5948e0132d80c9426c97aa196b2179de19abcf1c205baf499659209648e3952d59af0c90b309a33323322a3062cfb35342ebdc34cefbebfab9d7c87f1c08f0b362bfc201b88097511d47003801fda01a0681e799275df2655759eb87cd3dbab9b50a306f7959694ccd4cbf8a8819b6d5c52b55dd6b736f20ea7a57aa56313345ccd3f71e32e0420b8723eff001c9a312e4d1ee9d2ae996db93cadcdd9e81ba35255555c71e1a93b8f4cdbeb6120c639c2acaf8a3535365b86d2b7a4555dd207654737b592944574ea41ca2f1d228dceb7918a322293ae1dc7ca55cb5194c423b09209c44612a246120992ac88632134ebe5ddad2161b091c9d6e5551ca57b98e58cc422c99e84910aa6c7c4891e15358d792fc5309c3480c4c26c5df8515c2bcb343e4c42492485256419ae601d31b173f2ee1f3eac607411cfaf0ac66eb4001dc31df7dfe99c76fa6c1aaf52e5f2b30e5862b9aa62ab690a0dd5ecab2c7ce326e430c8d353d0145d0359c44b4800a86f690f5337ad1dc6367244088c749c111abd700bcf44a2a3d04e4f6b35eea737f6c60aa38e953f2891576a66766dc3252311acdb5a3ac069f956908c8ef5c99a4c49c0b1a86b1671467322b122299992f5ac56aaba4a406628461cbda8c08de68e427aba51ebcf05699643d242324d66bafdad750955d771edb805b9ca39ab0c8b16367779e2ab340a3cbea9a2bb4eddfaaf08eb065592ae3ee3828182b5792193a670222c43377a06e3ae07223f5c7d3f57be74f30e15ac9f6c0261dc3a75d474d7eb9dfd3238f315515a3a9a91b41682f4ba501d51f785edc188875d345420c7cfdb699611f3b12ed413a89aa73309b819568b6511588fdcb7222618f517564f0f29cde83a8ae6435ebafe668242d559eb2375aa5fd1cb7e8d6d3e9af7b636dabf89a4860a46b6a25ba3214f297259339d78a4d090ae22df15b3353ad302bf19ba11052d6412cf3c61234966919eadc871f61562891e4768eecf0d760a87edc8bd88d900f679273769e544c732848a9cf249626ab56bc30e4715673946596cdb9a1ad1258c453b77a37925506081c1d385531fda3dd8404360d4443021e8223f30e9c8ebc2a993fe914c0474c807506e3aee218d71a00086036d37e135589281899a4da5b8abea4ad29f16282ca4bd5344b2a0648b24755c15c334e123eb4aed13354512365527e33499dc28baa919820081555c1337e1928f5675011d476f5d741f21fbf7c0cf56b6b22248bd6030040923921700eb41e2955248c8f7575520faebdaaecbe15e096682411349133233c13c16a12c35ff007766b49341327c9e295d4fb31f69354bbf002a79374ec2223af5680219ff00373a800634c6750e1df6127d3d3830088eb9f3fd5d04435f3ef8f301e22ed3b2dd00511300e85dc751c60301a8867be73f9861d26134382e0e3be9a8e8239ceb901011d84434eda064789982cfa77ee08d7d7d3d3b927ee3e9ebdbde87e64c0bc93b9e83a1db5a1af9febb7dfe838910c24c0c019300698111d36d70238f2c63cfb79f062e2432428f56431a7a81b7ee3f5fddc340c66404a03d5bea39101dbfca0ce991db5fa6071c1c2933900c9c718000d473bea3b886b9001c007d7b1055b600009d0edeff003d68fcb5f4f423eee2b0b180659c11191a3bd7b1fe5f6d7d3d3becfd7b70e034901eb1c9b6c600474fa86a3e5f9f0ad66f8341010c8000e73af70d431a87ec0efd9956b28027fd61c8edf76802380ce99110c7c3ae3b70af67280005c9fcb3ae4350efa86bf3e2722995d41defb0effaff00afe7c4564f0adafe43fca37f2f41e9af51dbb01fea43d4c5f14c05c88e7401fd9fd9dbb8886a2555b4739ee181c6ff001637c80e43ef0d3411dbb33b1d25d5d3f179770dc3fabb87afcf39cf0bc60f3aba7e20dc31af6ceda8f6f3d371d74e32450ddfb68f6fb8fddf5d77f7f5f9f15ce5316d196ec77b23e5b1b07fbecebb91ebea3b3868a80602806c1810d7d34ec238d37f2ed910c8f21b038ec3f9e98d3f8edc265ab8ead323e7ae7be4433e5dff006f7e0f13540db8e3cb71f310d4350d87cb5d04740e23a68ca9ec3f5aff001edee47d46b80cb10b237a6be9f97a7b1fd7d381fc671aca70100c8fd74c7df9fe078d9c37e1af19c6719c6719c6719c6719c6719c671e71aee21a88e9b0e07be7cc319eff002d73eb8ce338ce338ce338ce338ce338e27113e0435d07180cfdff0050dc7d007839414c6770ce3039c79e74cf61df6c0e77e13481f200191c8079ff001aef9d77ce9c1ba2a643be7b67ebbefa7d07b8f71e3e4a3a9f5f71ebf77ebfa71fbe253a3f43dbfdf85636570200391db7faf701c7cfebe7aa8d92d850a1dfacb8cec23901d303b0ea23a683c22dbac2201911ce9db4c87969db1b6718ec1901e144c14fe953d4407aca2191d319c086bebc32741beff5235f5f6fc3b7fb6f8768dd9bdcf49d8f98ff00a9f4f53dcfb9e1e48b5c440baee01a6fafaeba7d35df5e1c38a131f1a8e031930f7d07b643bebae7e99e1ac8a53205c8800000008f986bf2d74f511d4385bb692e828153112868203a008e3411df4df4c69e6223bb09918ec0f5edaf5d0f6f5fbb7aedf2f5e23d1c2b963e9b275ee7bfa7e3beff00df8761bcba4cd3e844444c3b9830223e81811f40c86a20180e352730a1dd1444e61d072023a060037ef9d03d723b8886386fc8fba83f58435df22021f401c69ae7d0477d38f683d11725c987f57bfa0800ebbebbe718d77e2266a8beba3b27d763bfa7607d3dbd7b771bec7d66a9dbec57602f4b6be4081ea3dbd3b763b1efc3ef1b24382898d9d034f2d3efc06d9edf5e16eca544a05c1c71a0e33b0e31e61a6b8c80760f2d18d8f7e2005001c69b6750dbcbb079007cfc8158d24b18c987b635dbefc77d43f01edc474b57d41035fdbd3eefbc11afafb6d78ece9bb9fee3e5a1f3fc07e5efc3d6de6ba4007acd900c6fa8675fbb3ae3eedb43f613c2001f18760fd6c674d43019d0718c0e31e5a070c79258000000fb17711c0e7faba80e473a6e19df4c8e40c98cbe47f5f61d723a00e0471db21ae33a6a1b675e2265a21bba8efebedee7f11f977fc0713505c2233a6d6882367b76d6bd0ffd7d75ebc48842a11c07f49b632022038db38f8bb6035f5e0e9854c2458a615474306bd5ea1ea3af7df51d036e1804a60403f5c7380db019dfd7e5bede9c0f466cc5101050db80e738c086341d750d037d3e4001c367c68656040d9f5defe407b0d6fbec6fb9fafbef164195d4efb820eb7f71f507d7fcfde389335754c2f2211302822244c0a23911d4341dc4340030607239c711edd540a0a864c86318e61c140a2226cec1e5a8f7c06fb6431c6f77510b98a552138fc000381c0e983643391c63a7021ea181dc3825a35b04abe5553880fb330ea219dc71a79676df1a76e1b623125a635d107534c40ec3d09df71ec3bef7a1d81efeba96cf66e1ab8ef8eb0769142ac4127bb00175bf6f4f97b0f9f1ae457973a02706ca89043510fd6c6a2238ce444738c8008e3d0072d748490809ca6318a7ea30180475cfc426c80f7d7501db22181e27353947329831505306208075144b928f506a039f3cea3ae000000035c01adec5c21d358126681565103a843a650030980a3a8285c1c0738ceb8dc477c0da15fc3eca4b57e2e05478d7b10db077edafb3a3bd100e87b1f96e8c6f1af0152f9c7de8de2673b5922d680ec0970e46fd7675efbfb3dfb57abe90ea011ce73e4203dc75f311df1b7c87bcb7b0fe203757978824e9da698c6c9c7a3d44211eaeba5fd109c54f6662a6454a383603af4ea011012e7786559331a7e69ec589cc60414301723f163220002391c814004323a9b1b06c0ddba7dfac1d5ae03bef8ec1a86ff2cec3df8d70591cbf2e5e6b58ab92e3eeaa495e4922e8d98d997cc89d64478dd58a8dab2b2923b8d8ee47cddcadca1e24605315cd786a5cc782b461b8952f2bb42cdd1b8a51e5bc722b04908055c1d13bdf16d329e290955d1775232e359a249a97669a6f4acf4ad3d582914f508b648289b306c8ba857adfdaa2650e703980bd602043060a1c252aaf1168bb87732d04554508bb7e5d60e1ed8415c2a02b38685aeda9d7a29d82b2350413351b1ca8397a8a6820b1dba28b97ecd23347081d212a61540edd060433b86e03b6e181f501c877d7b631c122cb81804444400036eace7181fbb3f21dbb80707c9e20f3758082c645261e642efba54e069d2295e6f879deac15e49ab4ad24a2685d8ac8923a9d7577a4dbf666f05ab492cd47955e84bf0d6a1abe4e5f2b6a2c5cd67174711164311572772f54c7652851c6e3531b76ac11cb49e95778b454836894bd65ca8ded97be085476c2d6d3f53c12b503bb109b17ae6ce5335dc3c8567fe26caa63b178c61a366e16945125220c746345e082e4903ace4b92fdbf3cac724d6fe9a3d611b7b6b3561a7ee4cad1113294a1a9daea0692768506d6aa06f34dda82333371cd27cea539f6a4438f68b2272bd326b1d9ae0e6a8dc2c1f16473d5e6220050d34c07cb5d04403219c868582b826a91514d35808aa6a0a2b018c92804101f64a014c530a6728749c0a728894470601101094abcc95ac5578f21cb987bb6d86a3be61355d58cef286956aac52d8d46ff000cccd61498a1859192759269622cf83397a19cab7f963c5ae7fe5ec143d3f11cb31dd4cbd595131f46a08694b9b6bb531c896e8b65628e3c6490fc764b290d98ede326a78fc7baf662c8d67cc0dc9656aedbad0ce2a393693af63d49b7c7878c70d60239d4a3a39dd9dbae2d94599b550c815749328aa62a6b1d2011383af707901e6e2de3b51a4d59f9d914cad9376590a61cc754518aa6a3b06289127b18ed748ee5c3a5088b663a3e5cc74fa1b18e6c709ba1f99425b39b25696eadbd3d41dc68f8d918f85ac296999f48ac0d2ac168c7c6774fd42eaa4889045d3374ba4ab6f62d0d8544c8ae81ca4303fd2be27d7d2b5868da66ed41d1771e9c8b9c80a91ab051a48d2aed39fa626909b8893091a75fb6505549c23ec164544556ce1aa862288fb42a6a10930b4f938d064c9dec92e57ce91e09e8c6c31fe41488430d85b159acac82412177862994232e9998100439ef37fb48c5cd74ee72272df244fc8828d3ad96c5735d9039c0e496cda6bd91c24d89ce43849e93d47a29055c95ec7ccd6a2b45be1e131b4ac25b9abb9a681a4aa67d4553cf9c41da5a69f167e724a9964693a528b255083b9b814a6e41142452851a800a5938a66ba8a353aae52023722ab94c5b09cc3bcaeebca19d4b4bd33675852d70e52e5494b32795814f3d2b544e44b9ab90f7e68330e98a2e9832ea6d17d08462e081d059505154c066556de270cae85a1bb346d7b43d4f11555c1b6553d06c51a3271916d824fe76af735525523ba41f24d1d309b311e1e3a4a591909472f08802e2dcaa3c5c8937bcb153be1c4ceacab622ecd64bd6b4bced1f402f052370e067a8690a66ae7536bb6ada2da39a7651cb670947472a83a6f28b2dee8e098282273b750ca1b56477b38ba187e6a8eed168e2f3ce6ecb63eb4325799e7a90a44cc2dd6402ad74715e57d388048c202aa94ee433990a182e7ae69f12fc05cc6073d56fda8b094bc30c5ffc6b96cc63af53c6e3b2f9597210245cbf7ac34d9dc9d9ae99aad45cd38f266b4525e8279e461aa2bcdcb74fd3b72635f5034cbf9c96af2eccca73f2918f2367e7a2ea99c7323484d53f52c7d31513f8e94a75b9c124a9b90569e85765214ae64c4ae974924845d35cb7495fca4a0cb4d52d27686a26d32c21241a5c4926b32bae7a29caf12a558ce40563444f1ea404188a4a36651e322ba7ec48e5b20405e6e5d1e58f97596a179a28ce5ed9c054b19095259a93b5b53c64e425715548464faf4a96be630e9887e93b38ea5492130bbf14ce08aed90315e90c2d4eb845daff00c3ae1d4b9971ed75abe61e919ca9ed2d3d39555c361726989cb7e1090505094fcfba94612106ad7ada7234cd2a0237f7b14a2964df317699d802066ee179f9aa6791ea493e2b0196104f4e41257868c427356e5f0d44496d7ccbb15a8e9cf2cfe4a3b3c421b44e9e579c5705e21784d72965ebd6e71f13b90e4bf8ace8969e6e5e68b12e2ab65396792b23ff00116422c09969f2bdbc258e71c3e3e9c794bd5e38728f7f051a99eb43063eb06ba826d0d58c941963a72956a83d45b8b1abb0b4b4511604844d26ac747361729240a0ac45d9c526772dba1545a898e0433c172f94babe97ad1fd2d424cc4dc96d1d4652359ca49472e8431e1d85554e53d3489e65a4cb86831cd947950b78c895dda892b2e633612366ce9c1d9a0adaa391be62e2a216a8a36928cad29d3369492899ba12a782aa1ad4d090a0c46627e9768c5efdad370b1479041bc93c6d1dfe96ba05dabf4db396ae53448ea7adb993b3ee0b1376a8693629cd52ace8d76cae5508b452d56d2b00b4539858e7b32669132b3e9534bc5c41a15f1a51dba8949ab66c8b92331f6068ac7e3ab57f8b5cde2327504d62bcd5ad4713c7f0d095b41e062512a98ac492d4612ad595847048608fedaa35c791e729b392e0ff00f56be20f2473058ab8ec8d1ca60a6cad1b73652f4536188ba95a3b33e612ee2ab55ccc32509b2b5145ac842b939faabc92a42ca9e16560e56420e6a3ddc5ccc53d5e3e4a35ea0745db37ad8e292edd744c00722a99cb812e3d432020228d2b074f0ea95a3672ece8b755cac46c8a8b8a2d90275aee152a45399341127c4aaa6c113287518c01c4996f79e5cfcc0c35f4aae3519c946d5cc456129111e54a3dbbefb35cb531635a11449da6827eecd936a88aa9391e929456054c27119bd25cd772e972ee0b4ab178946d33b756f6e8d2d55be714b9a2a4e75fd5740b586a7934aa5b6e82f24a113abcb22f669ccb11924ea19f386cf01da2ba91dc4c6330b87be6cffef7a1a2c9918eb53af760f2a4b34a595516e3d9332d785a1570d340496015d91b41559a73673f73c72b0c5469e1adee648e7e58b194cbe4b97f226dd7c6f3053acf33e060c647427cadd86e3c6d0d0c82222b4b2c09344a3cd78e9cc840d44472191d3410fd5f875cfcc76f2d35e0ade13226e9ceb81c600350dc7218c0e321bec01a6bad8343505cadd5551d95b72948c8c6bda8e8e8991b8571612aa44f1f1d54364eab35430cac5d46cd060d8caa31d02a452a9ac9945576292c5123a4c5beba7b935a7aed40bba9ed25cc74e593b77291b4f41d534cac949a7254e40309ba85854d3114e968a8804cef55420df024a23389226548936365209283953276615141a964246729e554b90997ad21af3488b1ced034ac9f13046c6212069e51146cedb0236e78cfca78c9247e63879879620448e636f3381bc2a082c5dc952a93c9671c9908eaad96c464adc6b71abcb150acf6ed475e228cd0768cb815c5b9932cbd11544d53120025ea7112f9c3405c0b91022e926a024b10323822a43800671ae713fad4f89adf3a51645bd58f4d53b2e9141c3e150e5910289049ed7d91ce2dd53f4987af1ec44c3f16a3fad176f5f2e356d9176d9a4fccd3d2ebaeba6d154211da8e176ae954caa1125935132180e20700100c8808fea89440c23a97e59ee24bb3091563cad5a190054a41318eb60e026281c3a3d994dd2193140c636e51d787f88b3ce180bcd53193e56859ace0cf560793a11fb7796105a1db0dec904f6603447680e75a1e05f88b80ad9ce6ca7ca59ec5e4e378a8666e57823b96153a148a970c70df2a859085df94368c54a95ddb741f3fd4c5c16a54ddc9022aacdd345745e09505c87484444a0898c22390d7a8bd651fc05d16b73a96a9880ed83c4561390300064ff57d98086806011c183001d21b0869c73df5e5bd9ea21f743f4cc529440c9ae9898a2411110013068241ce990d761eda9b511796b3a2d6441b3e51fb520940a8395541314a06ce08afc5a064700703088088670221c19c1e27e6d66f273917c4e885793a4acaa411dfa1b7dfb93a04f7d01db8a0f29fb247265ac7ae4fc39c8f91149d5257a8ee86bb2b05ea8d2c205d101553522c7a006cb6cf177b34bb755a3a53e131d7328018c0e00447be43b6fe7d8321c354e63dba825f84a23d200201a8f711ce0074c60319d751101e22bd2dcd0964934db4ca2640ca603ac47f54dd2253006e512888e33911ce7b6a0efc2dc18f94d1272511300894c2600c9440034103000e0351fa86339109bfdf38ec98468dd49235d2e3a5836c1efd5adf57b68e88dfddc57327879cd7ca7e6c57a9cd1aa36c4b19f322750bd3b575d8d281dc6bbef7f2e17c48b400aa8894a3f09b5c07c381c06031811fcc7b7915a91c45044860c80089474010d4477f40cfdd9c6fc1b212491d13f49bac4c40d403381df01aeb9c8770dbfabdbca6ba652984c3d3f108e3411c0e03018dc7e5a7af1b3c51108140d77deb5a27b6bd3b11aff1ebc47c72db53217660c18051df63d01ededdf7fd7842c8c3202060310b80010d000370d0043039c6baec3f9b752500910c61f645e9d843a77ce00036d83219dbf1d5e67ca10d9c8e4702218c6475c647be073ae44031e61c249e9531ebd844404037d323df03af6d4407a721ebc44dba7136f4a3df47b023d3e877af97e5a3df82bc464ad47d3fc4720e86b7a3dfa7bf623db7dc7af6f60386465a8c8e593154cdc9d425c880100035c8fc5a6db0fc419efb870d9c95b560f8c2523302ef81294bae72219d0073e62038c6a001b8c9855105fa807205028640434c006fa76d7e5a70054644c000633d222238f51d7d43b6be5b67782b38a8652771803d0fd9ee7d3fb9edebf9fbd858ce6ec95151e5da9838d6bedb9551b1d3a05b4481bd0eddbb71111dda33246ca22a7480889403025000ce818c0760d77dbb86784aca5b7956df1241d65003080081b20390dc43219d03412e771c0071370cc8a6010c06351101c64074110d04770d000721b1bd00b958944c20062008180dd406286b9df21810300faede41b8c44981819874065f6077b23b76efb235b27ebf4f6e0c6af89b978d3733a4da2361d412c3ecfa92760ffa6bef0dcb0d7750db8e59bc45682fd360a509756c1da58e8ba64d3cd62dc5795142734d6541cb18360bb845e4dccc75b29cba4578da29359ea7434a5704764fb01ccd81a5f72e5190555cd784d5ef0b9766697a0f92c5a2a3f98f2d7b792d95095b50cde82e7bef8f33afe4e26d9d5b54445c5b8cc66ed85cea7ff444b6c697ac9e54956b795a358353544cfdc54843210692863153489d21b8f486000d9ce434d35d31e638f44dab43b67402209894443b143e21d75d71a67d073b86f8e212d72b3319bc997a5e59ccacc63563b6a42832efa9767ca2591b63a5c2ed59474318d1f15222b09b95542470ac6024ac0f6b62e862087e91d7a56503ed27568a31044f6b3d1d0778a3bc3e2e2435cdb2f4953bcb15d2ab95bf08dcfbd16bed954d4140ff0084cc8df142ab6b44d6d55c256570e09fd1154fb38c0b55035ccb4854f092949368b52a35e12365df9b4bcdd5948fa7ac0d3528958749fdc2b9fce3ca529792e251b4757d5b729371eb8b9d4ad43622eecf415409540ca2e8d6b3acd8ab57c7d434e4a26346baa9aaca699bfa969a85c54585b8415f87d981843511317390d34dfcb38c79f1e14b4c6317da35ea01c6a40eac80f7c0e3001a6a001ae7d47841b94e797a83b3ba892478d51406512fc4bb7512ccb274bda665da84288b1ba481a42ee8789f884e90184321589247762c8de59a813a40e968baa3aa14b062e1dde4478c88c2c80e502a0694cf3573c8dcfae29c8f91adadaf38b67a42e04f561132147a9716fa72d17becbd313f3d719bc84853c7a5a4ee25790cb4c5c1196734e378676e6aa752c6874967c120b97db4b4cf2dd75edf7f3a17aeceb1afef05b0e76ed03ea6a9cb996d2e05156c9a5d7e536b7b31652b0b85792dbd7558dbf806d5fdccba12d1f2710fdf347340d274812bbaa9d3680a9e2944abb15b7f2cd3384c4c01a60c02020001b8e351ce98c006a03bf1a13837cd870b22218ce3bea200222019dfcc31f5d032ee5c4d8779033bc293d615a6410afda5096153a19890801b2cecbd24931c43a91448b245c7ccf8d290b44d0597af6fe2ebb9b2474bb4951e40f1a8064665a891862caa0492b1466f29a3ba2e5fdfc4f2cc4e4eeddd7f742d4c1dc1a5eff738579e71d5197a2d957709415355b72e967683b72fe7ae25baabaa4a1e16a1a96adb7d53161a04b540d44d5bb189917cc582351538a493a55d5f2b16a72f3cd4c6dbcaea8e46a0e7179788be67aed53eda4a3220ec2fc49f335cab4692c34742acba07566adacd53bcd25cfa620a2d03b81b497422e65364de3635d9dbd123668601003170203a80e83db5d874c8860474fbc03856b4683828007e1a6031be35f9e03b635d71e2f2facb3456259e432472472baa22a452345764bc15a3667215677431edd9a330ab076724f113739c1a0ad3d586bc6219619a08da4919e78566c6c18c675915631d6d5a3759751aac8b3491f42a6978b51e63f9998c7572a6688b3343f2f90f295e591b0b686a2e62a1662b098ac66e0a5ec1da8a6abb8292a96a7ba951da3a39332cd64286ad65e91a1a91948e856739012522ccae2a12bc92377ee972af70185d6b756eabda8014b0b74796c9cb61335dcb509154255341d866f4ef2a13e85a35da4a7da126eee3526fe85bc938d9c957927f0b6e25aa6547a594db83d20b669802e9a771c0633b8699c88fa069eba8870a168d8725d3b800f60c0fcf7dff0031f9c945808156a049a646ab1c681d49669991aa93e61919d88295846b1a32a4692caaa0060380bb9ce1619b2264af5a44bd2cce622a112babc7715442b108d03ac970cf24d22c92cf2c30348dd681b8bbcbbbcc65a8b9b6cbc4329b9faaa25d5d580ab2a2a42c654cce4e3df46dddb0d52f3b1455d54a9e612e9395119b7b6be4a3e6ea5a3558d59faf316fabf99222625396ee3bdde25730572dc56b64b91ba60f5b25539adff2f55a464b42a534da517a46a175ccd5f66cd23e659a0baae21e656b670d6bc8d1a491107c7a258d146413fb1490e6184cd511e90ce718d76db51f3d431fdbdc38533540403cc4702002003e780d33afc5b0643d7893a185af48c46367221b86ea070add12be3463a448ceba92393edd82013d323b22911044500e61e6eb7935b2274897e2314b8995a377532c3167066a19665df4cb2c04253562aa1a1892470d60bcb2596594bdd42d05cb8d93a0eb7946d2f40d777db9bda3efe50f16f593daa63ed55c1b77c92234dd7c853dedfded197a56b4a157af6d83e7a8b68e9aad6d7b98a23a70cd9cfb62cc69fe603963b5b7aaf65c59bac26abe6577bc45aeb5d15dad9f94a36799ced92b6f3b544253adaad17923ef8da90bc1197aee611166c41271330f06c661232a40875cb44c822380ce71ea1af7f31ee03be7e59e0d13208e360d8436c798e9fb3f3e3793976ad976679ec224a6d0b11c4ca8938b36cdc0490a4ac90c8215122fdb78ebc08db58d47111173f5fa112a45528cb25618df809ec2bcaf4db1f8d4c590a0b28921b15cda635db51c335eb92c7f6a772d77b4b541cbcd3b6ea93e5cae7dd0a0ab0a02d0d5b7aaee463b87a9e16723eb4a96c35dd9d7b1346b57f14f5d20c59731f6864ab288a59c10c56d534fad6fd640aed16cd156e70179e4ae4dc1e62eaa81aeac0547732e3f289c980fb7bcd5472fa5a22a4af2369be5d1fdcf89542fec9a36cddd5b4ebf8daa0d250cf55527a0e5a1e45149b36948e5488d212251e9fbb7f511ce9e4023af06c88086035d703ae40341c8ea18c633af9e31a7189cb517992ccd65a6965323b0b10a4b5ccb2642ae4262600d1fd89e4ab02588c4804aa80f506552226d788960c10535c7c756b5658a146a3726af7be1ebe0b2182aabf18f1ce0cf46be52e4d4ac3c121af24ac9e5ba330690f78d955d135f3d5ab63da719e9966c65964aca54164a7a826e8191346a08b0272fb2d2b6de0de08470aafe1980b19005152ca48b12a928476ed0cddf8874944c2021a00e750d07b08ebf96faf0854ba80c18cf98ee01b060073b0800fcc34f9706e9a862e7023dbbe9b800fecfece0baab3451471b797b4455fe0c6618bec80a04719794c6a000153cc7d01adf14c65e186dd9b16104fa9a69263f173adbb2c6421dda7b221ae2795d8b3492791175b124a83eaee434c7409726c0e819c8631b6318d31dc444447efcb971d3603d23ed0d9db03f4d035d077c0e07d0771e2393476720e82390c771d040339dc3f0cefb8870b0632e728140c2238c60722021db19f9e77c8633b88f1290d8235dfe407cfd47f7f63bfc46b8ae731808e52ccaa09d9edf96fe9f90df6f71dc491673dd205c9c74d339f9e471a7cb019d3e6383b2cf756853e0434c81834faf567b6818ceb8efc47e6d3871c009cddb4110d75f3c88008e98cef91f3e146d663ab1930eb80df4d8431a888e738f2f20c80e789682deb4013fad7cfb9f4fe9e83beebeb9cb01497e803f0dfa1075f3fc35dffb3dece5c7a80c26c67cc4403510ff0065e4381f8b5cea1b8ac98cc6a00261cfa8edbe3219ce701a6f9d34f360da49e04a3d6222180dfbe851ce0706d843201a60074c70ad612a392e4c219df51dfb869800db600ed9c643233d56e90477edb1ee7e5dfdbdce8fb773f8910c9600107ec7a6cfa03dfb7e1efeff005dfa81c4898c94fd5f88440dbeba797d3f1ef9d33c38f19260205c1b3b0633e7a6bae73f7e7f38e119283f0875770c87ae7b867f6ebf770e6c549feaebe5ae7c836eff0020edf21d389f8661228eff00d7d4f6fc7dc77fbfe5c5539ec16bafec77efad7beb5dfb7e8ebdc8e240b07c0600c88e72039cf906318c886bfb87bf0ab6ce40c00191ce741ce047411f3dc7611d73b86303c33919259e90ea1dc0719d434cebae443cb5cfae8385db17c260d0de43d87cf3a77c63be370d74110ddd030d1fd7e3ebf97150e5718d1b3694fa9d800f73b1f43eff004d8fecbf4d528806e3db4edb7f57b0079faeba6a02caa63203ae3eff00c7b6ba0ff009b6ae404003a872019d74cfd03cf23be76d78374940368223a06dd8740c8e3ebb79e35dc78632c5d3b2077dfeb7edbf96bd78129a068c9eddb7afc80fbb5ea3febea65c671e086c87e203dc407f67efc71ef84386dc6719c6719c6719c7c0f963f3cfd34fae78fbc6719c6719c6719c6719c6719c710691fa44351c0e301db51fcf6c796be7c1aa2a607202219101df6f2c086981c7aebe801c279250072023b7cf4101eddfe63e7df83541411c80f97cf18efe78d7f3f2e3e4e48a7e5dfdfd3d35fd7f5db8fdef29d8fa8edfefc299b9f5dc703f1644473900d71a77ce4371fc78513250015208888e0c039f40dfd7ebf2d76e11c82a1b0efdbcf203bfd73a6de83e676d5c081d30cff583bf98e34f980897d7381df3c3578f7e83dbe641eff2dfd35f43c3847d03f30a411f87a8e1df62e840a019d30000018c77c88880eff5c636f3e14adddf574e0474d07039ff00623a8e83ae71b77cef96f98b811286447600c6403b0ea239ed9f98756da08f0a541c7f54d901c00e4718cea1a6ba0077c0e3cc3510e1168bfe87bfcbbefbfcff003f90d710ad2fdbf503bfe3db5fa1e8785926e474c088698f9ed901d47efc6f81e3d22ef0ec9a8ea0223b6044040073b672180c0869bfc93c4758288809b21801f5c06fa8f7c6ba8e34cf6e3c91d083a28f50ec38c8ef9d3d36d071e58e184d083edeff005ede9ebedfd093f7fac9d393f9fbfa236bb9d1d8037dfb6c7fd470ed317820528f57967cf3f4ce431f76ba8ea1c28d07f800f88db69df1b87711eff2c77f206c1a3d10001ea10d00341c69b06718d3b68038db4df83d49f6003e2df1a0e723e9a08069aea1ae751cf0c9ebfd3fa7ddf87e47d75df7db855661d5bdec83ec7448febbfaebeeedebc382124600d0c38edb8076c677d7d7f0e06b293c0feb676efa6c0191ec3bf7ce751f5e1bc17e205010308e47611d403beb9d71b69ae7b71bd9c80f560471db4d75c008e750f31d7d36c70d1aa8275d3dc6bfb8f4ec3d7e7e9dfb1edae2463b4442c3d7447a100f7fbcf7fb88df73dfdf877519411d40c203e423be36c808fcf6eddb6e0484a086753077d0435fb877dff81e1b946430003d5b76ce9d83cf3ae43b8e3ebc09348699ead4c190e91c087710d7b603f2e33e0811fcbea077eebf2dfd77f7fcfd0e8f0dfe308707abb03d87b83dbe67e7f7f0e22135d457090984729e4004da8886a1b0e40035dbfb3852d0751a71cf544d5374155c94047cc04471e82381c0f7f871a70c6272662b9e9ebc0180034110ce7711f3c88f6c8e43e581267ca24a02892862180d9010fbc44718dfccb91d77d843ca755aa5b59d174c195fd3e5d88efdbdb5bd6fbefe7c3acebc791c37c1c8dd2b346406f910032ef5dfb120fbfd3d38b1ea2ab062cd6131d6297ac0a203d61b0807711ec003a060761d4071c1fd65772118a2759472898c83554a3fd2060a2051110c006a203810c8ebae75c715aa35c4eb544488bce802863af1f1ec38c0f56433e580edf46867ab39f9215d17722ba89195500c4ea10298bd46f84c218c87a0e0071dc33c59f0739d8a7445582b82c7bedc0d29ec4761dcf7fa0eda1ebc73d7fea7e3cce58dcb57d1228ca06552ecec84f4923407729b1aea0a09f903c3ce4a22a2bb537272f18e5ab6f7d74b8b14dd7b5021d2f6a6f6227393a8530300e7448e219ce4752f167bcabf23b696a5a15735d98f416a9dd287454151d9b099c4fd24066b26a2409809440e53fc07306a20511100a81a0af84ddbe0215b47b5920487fa2070b288f494074013100c2700c063d34ce431c5b2da1b31cd6f3536cbf4bada5571f403b5902bb6a9b23bde876429ba489aaec540040c71f87da11b2c60c9840b8c704fe18c1cbef7e4b76797e7e68c9c756d4b3e2dd206ac6363187b25ad94aaae8cc1630ee18f590016d7013fb42dbe79c6e063c7c7cf58ff000cf958e428d6a7cd296e582c576841582b3fc007be607401e63e41019158b85e16f743c1e286f764d4b7f7765da4fd48bcf7e89c4be84198815178a8a5e60b192530d564d58d20a6d956c47cbfb42f599228a6aa83d035f170fc3079aea0a3a29f9e069baa1491794d47398ea626d75df433eab9c11a4323246938d8a8f391578a24d16731d20f9bb55d740aed440aa94466f5730de21344f2c3712969eaea3edf92c291cbf9b9087732ceaa8aea1674a6239c4da092866e4508ecea099645b994326721d64403035a4e39d5e696967d434a566911dce51e7a55f53b51d6547aac2a27f1d4eac83f828f929b4cb18f2a4873224480a8ca1df9146a62a892843fb3540979a28720579ab1b5ca9cc1cbef6e9ad957add3045199666492392bcd2d9e996b4a92c21be1eb476154b469e5bc5638a93c2ac9fed3f7a0c81c478c5e18788d4f1398b58f92b662a3dbbb6e28a05bd8c9ab64b195f0cab5b258abb8e9e78fe3b2b6684c5677b1237c462cb4955f2bfcc25292858794b4f59ba7cb272cb244a7e314aa53553807a58e9b12af4e1a4d003c4c818ace4121382ad1c0824ba645325068dcd015d234dcc562b52351214cc04c234f4dcdaf16ed1611338e0ca9128b915954cbee4f0e76ee132a0b014fed533222055404859336479c83db6b89706b8b816da2eecb5af9fcccd2704fa79cc3b6a32a09fa992a9a52729049dc754914c1d387699115055885573a48b60f7b29d3131e5455de22b4dddca6b990a5259dd576ad0ba955d1d58dbe49ec3c55d7a529b34442b18eaae99968290160d19b4aa1fb571307968a817a75249e1ddbb8f078533a38f63f11ca36eb9962ce5ba560fc5ac38fb31472481a2af3cb59a4bb2474692c73cd0c71aaf9a0eed469249015790dc19ce79f1f30196ab8f9bc32c2731e1e3fdc1264b9b715919e952e8bd9ac2d2ccd7a3cb74edf357344d362f1b93bb76499a88882e0aed8af15e5b75aba54b3c849c8f61192efe1e558c54d116561a49e47bc6d1f2c9b750505d48c7ab249b67c441529d258ed5450a9285121c4a6012f0521910c0ec5c8e739c69a88860319d3be35f5e2dda9a96e56ae75b7e56e89bb175a8f7c950f39718d7023299755250514646a168652dfa08c3484241c5c781e5cacdad6b350510938289dc483876fdb828f415f11c94f28d5c5251b5216e23ea5eb4902dbe8a9ab756eebea4ebc654ccfd6f5caf48347294b48fbd2b211c766e23e7de4711d1dec6a245d8a8e3ace0a26494b922d5a319c5dec75a8cd7826647b70c730269d6b1655846d2c00c52cf240104eceed5ec74864864750ccb7ed3383e5f12c1cefca5ceb82b2b9abf8c49eaf2ce46de3a445e67ce60b0d3a79f1d4ca98f214f13572d35b6c5c7469d7cbe1c59b304f95a35e6a4d74192e03003a8888f7eff888efe601a6dc271d944004740c6474c683a8675efea1df7d3879ae35be79485d6ac2d6b274130f69baf276866af4a97bb1651c444f3a8441cfb113abec05e28d8ab0a5d6a01055e9eb3814722aa4e5c6f6c0bf2c5baa0661dc82a9aca22c618ed26dfa893714c1550b1f18e5cc88143db262603b528e0e03836040108f13758cc23a9626f8694453b4313ccb1cbd5d3e5b3461d46d9582ef61b47a49df16a49ce5cb4916366b19cc5535ccd15c9e2d6f5d828cb7683c314df130436de09991229a2694950d0860240a788e4ae75300897a702021be407218c63a44b8d0431be0381d15722bca31ecfc952d56cf42c8d4f4ec9d2150bc64fd62af354ccca093494849239cc71771ef5ba28a4b20af517a514449d264c862ef9b84998592710b3317230d2ed94222e232599b98d7ed8ea14a7211cb4789a0ba06394e5313da90b9298a628e0c03c2daeb72cd7e2d622ddd5736c6a88962e98292c948a4cbed38f18c4518f5979059e4599e20d59229cac78aae1d192488678810c7031c0a12156bde48659ab436ff00ec6ca679604997e1dd895532bc63f82cda745672a7f9d47b8e23b3196e52926a18bcd647979db98619bf75637296f1ac7395eb8a962d0a152dc87f794508929cf30af1cea81abcae0031b707768b9dcbd16469f87a7297352f248d2ac6af8ba3646a38309399a3a32bc55056ae8da7df839445bb19a51032eb37728ba23670e1d386808a8ba9d49cb9776ebfe6dab4ad262b3b8d4a5111f3353ab5d32a1ea5a8aa2634836a8e46263e05f2b4c19c3099651ce148f878f49d9a4e42348a229372117541021528cd2253a4a1935133a6a10440e4394c439471b094c006010010c80864319db192331cc51ea01101c643b68380fbb2190d7cf71da62a67320d0c542c599e7a31b21f84795d636f2a33122ed4870123223552c57a1235652b1a0510b5e16723d6cd5ee72c272ee170fce1721b48dccf5f1b566bc3e3efc794bae16647ae5addf592dcf22c693b4f72fd88a68ec5fb734d71b62ae972376be26d2c2de0a7a8c89af2d8b48d5a467290a51955733505c84ee64254d4bdcd6977a9f74b955a663a942b98ea9a8f93361b824ab6611ee0e0918a24f6a793ebd1cdb5ae351f07095c39bc5237ba46e223494ecbcfd0148bf20dc09da0e59ea72d10aa2acc54b4bb266fe469a2bf625859747df23dd25eea2dcf49322a880888888e00035ec00001a6b9ce403e9db4e14d415e4ba969959856d85c4ace813542c0f193a149545290459860a24b2266d249c7394137a995370b91205c87147daa864448639844e29f36566f85a9771741e9d79eb49b4ab13da6155a2d0dc8eb0979628bc869152308934922c7e615d73af327eccf945979a3997937c4ce7ba5ce1cc588e66a262c8733deadcb315ae65af935f36382957b193ad8dc3e5b28798a8e3cdabb34b7b198ca32e423c72cf1c961f3fe15ef64626d339b657c28ba8eabba91f1b3834f4ec7fe8e5351f13251954ce4a39a76a6693350c8d4614633a65db6a8d81a968d914dd9889c7a2fd52ae83768a96e50af3c3d98bbf762d673116fdd42d0b52c0c054105455772f14caa5464a3d57e574a2b3ede984c8eda1123a08c34a459249eaa5748364c45212a90ea95b9d5fd22bb0569badeaca7cf1338d2a68f24454128c506b51472865d8ce22d9074440b28d5439cc83e14bde09d6a614c286033d1fe19377cd1572a9fab5e53d70e0aeb2304157c55694ec6bd6abc9532d15694eceb14d8231c0c26a21154c08bf4000ea987adc82c7ea30cc52b9caafd32fc05cc7398e688355bb3958e46a8c91cab3799e727f1c2b483ca995e393ba74c6c93b4c9727fed1f491e81f1079539ea82e530b6fa73dca588a36e7c743cdb5ee6631b350831ed8eb45f9619a9e2acfef1c6daa991a26696cd87c9456b0adfd0d36c6e154d3737745ad4d55d48770d9d2526d1278f10455689a69246749b01c2462fb0287b414ce53103026000d277dbfe61e39fba528c8e807ee9db64872d518f5ccb10c04394a63a862074e04e062f5094705e9fd62e9056c6df35ecdcacabb4e023a719cca408b941c014146fd25314146c63a6a947a7a843d99849d40051f68181e2c53911bb56a26ee8561235ab26112ea61444f180e4a806132a46c8080983a84ab1b220431871a880e7422e4a6135ec65483375a9dbc95b962c84d6aaec88dbaa44792dbb9161a56240eb0a433fdaea241e04fc7ac5d8a188e69cd5ce46ca66797f95f0b46cf2d56c56654575b0054ad660a98382bf998d86b22867487692471078caecea2f5f9a22aeaafde152d3cf5a28e5331504976ca0287131cc6030817428060033930f7c6bac30359eb8282e24529d740521f19f800a6d44321937569b880944403b008678ead2e5a769e6da157882c4acb0b644899d2048400c6010318a05d741d3e9f4e2224f5174f389171eeed9b95221003252133d401a8e434c88eb8df7c8f917f31785b1ade79532eb6da460dd5088f4c0827640edbdfb29edf893c52de17fed6590a783871e7940e3608d4ff02f1b1d71b2796bd2bb28ddd48df5824b06d6bb0346aced755e9a3d4b43aa994a19309ce180dc7192e435dc73df41ce0444d9842d7112b948c08e482998305c9848510c00603392ff00de8f70df4e2d92a2a6181c4ad906c911313741ba530c88067a830190f8b023ae9dfcf8483ca0a25a36157dd09d624eb03f48643a836d319286bd23df5db1c459e4830aea39cee31f69ca81dc6b5a20fd75dcfe7ef68c3fb419c8c60ddc4546161884808695747436e24620ef7e8a763ebae21cd355b55d1242a730c4c74b1f12a411309740003064a023900ce047390d73d96c9dc96643802caf4114c0898c6c7418770f201ef81ce3181c70a79f8b4d350e40217d9e7024c0603190ce07be3b808673db8632ab8048e454485e9c944404a001a8e4433dc440d8c880e44077ee10d661bf44148e769421ec1c6cf6001fb5ad9040fa9fa1f5e24690e5ee629d66b18f8e83d8d6cd5ea09dfbefcb63f65d7d7ec9e9efe8477e1e01ac18b8294e9b82a9901d840435d43239ec23f201f97010b2bef0238367abc874001dc339c6d91f4d4433a71119bc94a463851222a27294700061101c08e035d40440350ceba63855b4ad645102f580e3401011011d3d40403e5a88e035cf09a5d95d479aa77efa1b1ea3ebb1dffc763ed3b67c3d35c134648e646d146670874402bdbb0deb408d6891adfce4699da641e9030e4741c0877c64341ce740d75c7a638fbedc8601f8b701d074100d739d473aeb8faf0cb36accab897ac0c45034eaea1c8efb67d03be303f8aa5954cd55280194c184750ea101369af50067511ede7df23c29e7061eda23ff000f700e8fcbd7fa8f6d71073f2dddaddda1936a47574fda1b1aefa03d347d89f4dfb70e110c41130e9ae7003e5f86e3a636d351d38d2a881cc205d03e20d0044030001eb9d7fbb821424c8b980086f847019c87a000863e7d875f96783155d26894a3d79309720051d8720221a7cc3f3cf1ec6031f43a1f86f7ec35f77f4e22a7ab2c43a003d6740210763446f7dbea3d4ff5df1e1644a750481ae73d43b756e391f3c8fc874c8f7c98b6624360300002201a7dc3af6101ce75c8f7cf724075fd387508fc58c0671b8ea03aef900c86ba68223b70ab8f54a3d1aea039d71a88ebb0e98c7a6e0191df85a18519dbb01dfdfd3db5f4f4f7ec7e47d786569e68225f53f677bf6246b7b3f97a7a7a7dc35bc71004a2050db1aefa63182897d34cf7dfd546da30a5c1840073a63001e99c640074c807a0efc634021c4b8c088086700023d835fc7f3d7baad144a2098771101d035d74c79e321900cfa71310535f5d0edad76f73effe9bfedc065fc94c0f4b3300469be7a1a23e7a03f0fa6b849bc89484a22252e0404318d30391c6e3801ce7381cec3ea8e91816c6010f66018c8e7a4301f4d302019c080ee18d339e1e176800e4a01b06c01db18c0000e3f7f09e74cc040431e99c6ba69f3cfcf501fa00eb6682107ec83b1dfb0f523fa6be9dbdfe7ad71d999a3653e637b13a623b1d6bbefbfd0fddf8b26e208a4308f480607202003a07fb2ceba796321ea039dad23cc5102e3528e821b6a3b6a01e43a08e9b8f0e52f1e1a74806fe4018d719d0473a77f51edc6afb2c3ac86028e70202380dfb7ddea219f4ef0925008c4a8207a7bebbf4fe3f41f5eff7947efe2f18577dec1f53f203efd6fbf6df6d8f5f64fb58fc800886471a008674c633beba0ed8d073af91ea0c75000288e9a8e31dc7710ed9d71aeb8c6b9e0f9ac70e0a005d34ce03e5b8877d761f2c637e0f9bc67c41f00e751010cfd444321a8e07b06dbe750f56b0007e1af97e40fa7afb7dfc0fdbcd7763d4081b1ad8d8f4df7206bb7afe1f4d95b66392974c7af4e9e418ce44319d3cb71ef952b565828603ea21b0f9ee19ce361f31db8346d1a380c97190f2f30c867d03cb3a6e221c291ac6880008974df5efb6071d3db1f980ebba822d7b7dc3d37d87d7dbfa7a1df0177f2e093a71ad9f91f97cb7f80fc384f22c47380011cff921aedaec1b00644761c79edc18958ea018c6db80087cbf8c797a70aa4233221a67021b869ea039dfd03f3db81e58dc087c38c0fa87cf7ce3cb6d31e419e371191e9a1f8ffd7f1ff3c0dcd981d44758075efea3d3d49d6bdfb6bbfddc2691643801faed8dfd7b7e1dbe5c1a22cfb6db063a7b7d47cb6c0771c00f0a54630440000ba8e3180fcb3a88fd73a76e0c518dd76c64403201f7ff0066f81f2df8dd53bfaec8f603d3f5e9eddb885b1974fb5f6c7afcf5d891f303faf73f8764b95b080ec3aec1d3befbe81a7034adc4303a6477cea23ae9b6fdfb886471df8541634721a0e36db21f2f4e0c128831c0031a88e3611f5d4785950efb9f423b7a93e875efebbd7e3f77113365e30365c01ea7f21df43b7fd3b7d5269206010dc7cb7c699f2d031bf7efa07070810c0000038dff00d880683a008e99c140043381dbb70ad6d0073067a4703be9e79c80eb8d8361fc3b18929e374e409a8fa698ce77d77ef901e1d2236f7afd1fedf8f10d6337558952e37b037bd907b7afa0f5fafafb7c92e875147430e3019ce431dc31e7ae723ae74f20e0f9b2c70cea23b0f71cefe63aeba8fcf815f632891b1d2610000d34d7cb391ce9e80202190d075e05a4c0c190e9c0772e35d43b8ebf7ebe7f377106047eb43fc7faebebc44d8bb5a51b0cac1bea09f61edbfa7a8d7cfb77e053676a00e32205c0675d03019f2d341fc361df856317c6c80750efdc75c6e01b8e70018cf9ede4240de3cc221a0f6c69af711d03cf5c674d7e9c281b3030600321a00e31b8e35d76d7be3bed8e252bb3023f0f5fc07b7cff0033dbd7d48bdf6ace1b7afe9f4f6fa6f7ec3d35c2fa3644c1d3f10e821ae7cb1ae474d7ef1eddb2e5c4c967a7e2d740dfcc4301b8e07f0ee18ceacf3468a17020238cee18c0f980ea21dffbf01959b05154849911ce404341c086fbf9f9eb91d471c115399975dce8fde3e5fe7eedfccf15c666957995ba0ab6fb8ee3b1ec7d87bf6f6f5fbb87e2324ff5726ee18c0880f9eb9d740f3ce74cf9f0e24748e40a206d47a7239fa607d434d7610ee0239e1818d7c6289404c218efe780f3d0721fd5dfbe839e1c48d91128943ac770ee1a6bb67610d31900cfa8efc11c2e1d7efd1d7a8df6dff71ebc53f9cc403d5f63bec83dbe47df47d7d01f97d4f0f8b17853810723b0790800e980c77ee3ae07b886c1c2a1aae038c6a38cea3be31fbbf8ecd3c6be1c94739f30c800671f5ce471f767003baed83a0374e4dfd5f98063b6e1a6db87cb2201c792c6083f98fe9b1fe9f87d78ab3298f3196eddbdbb0d91fedfe3d3d385ca4a640a21e403b860403b67fbc07eee05008086436e091badd401836debb6a19d3cf1e5dbe5c199140dc34d361d43b63be7bee3fbf88b913a4fd3f5a3f8ff007e04658ca36b5fd3d3d3fd7d3db813c671f004076e3ef09f09719c6719c6719c6719c6719c6719c671c37267d840750fb87cbbfc5e78f30cf060929b080ed801d77d3e839fcb6efc1024a077d437c6d9cff018db1df3dcc48a6350fa8770fe3f1e3e5232efb8f5fefc7ef5a37d7f6f6d77f61f976edf4f96d4092e03dc7218d4341fde3b67cc3d783568b6542ea1a180035c806a18c806f90fae35d384ba67ce04370c0fcf1dff007fe3c1b33504ca170221f1006deb9f3d047d340d3cb02918f601d76f41a3e9dff21f2fd0e172e344ef5d8fdfe9f4fefc3b0c96e9001cefd38f31ceb9df1a000fc80718e1449381c6a223a06073f5c677d31dbcc34d73c22192802501d7180c80efdb20381f3ed8f50edc28d153180130e76d7d3cf1db01e5f70f0998fb6bf03bededfafcff00380793ed9fbcec1d6fdbe5aee3d0fd78508381c0ea203b06a38101cfdde7af7f2dc3526e87de4baec1800ceda87af908e76f2ee1c167b6d0404d9dfbe81ae7001b0806e18f97af010abe1d13511c971f40101ed9e911c771d47be803c35787bfa1fe9edfd0fdfeddb891a727f377d6909eff00503b9fc06bb77dfdfc38cd5d88800e444003181d874c06fe7a0e9e5a63b9ca6f3001a8976d73a087c873a88fe7f3ca25aaff00097223f31f51cf9e36100ced81d7835238f511c86c03f2d7d3f6ef91e1b345f41f8763f5fa71b893b9f43f4fc3dbfcfafbfd785419de82202601d3f0cf6f2c6de5b6e38e04347a391d47d75d75c6361c800887cc3d4764a19c8748e044719d07f68e738df4d77dbb71b59b8c088683f2fc3c8739f5df51e13f87debb7afb7607dbebf3f6d7cc7bf772b36a36edbee347e5e9d8ebeeeddfefe1c545e671aeb8f3d3cb19d474ec1dfb6033c0bf7b1ffa61bcf710000d37fbf7cfa6fc241073b60471e5dbea191d74dc75df39ce38300702203ae74f3d3d437d447e9f2e1cc5519bd146bd7d3d7d06bdbb9ff7ec3d18c963bf63dfdf40ff00b7cfe7f9f03157dd2e407223a86319ee23811f5cfa8f076a3b0dc0700250d8751ceb9c8086319d33a8e786fdcb81f6e221db1b79644433afe5f78887076577921044c201d25d35dc0340ce73a876d318f3db76a45083d3ad8001d7b0d7e035bdfb8f5d68f6e1c4d6faebc60313a07b6fb83f6477d0d0f63ea7d3b7bf06ee5de5236be7b8e801afc8034f4c08ec1c34af5cff004cb60c3aa870d0471a18dafd75ce7f6e785d387394cc0039d3cf3dbbebe79ec21a70d33f7020b2da886155321ff7c3f2d33df41d0043bf1e9ae7d75fdfe9ebebaefa1ebdf8d31d2e9e61e9b03b8f5ec7bfbfa0d8faff006e362ae4303af7c086fa6fb88e7410d031f7f16e5ca173d5cc4d85b709b7a42d34dd6d4d46a20899f3223a3362b54d50500ca268b57261c08749ce05e90d47218e29bd5738011db5d47cf39f5fbbfac1b67b0f4c5e1a3ce472b36ced3c753b73a429d8e7c9314d9ba19316a438ae0a6151326b88018a24d738d435d74c1ef87a922666668b36304e68ce167f2ea482c9ea8f554a5f64aae18e9c89586fa0843d7d3c537fb42ad4b1c931c57b90878895bf79405f0c5ee4650056dd847a444c8e012aa406009d946d6b864643c4f9ddc6a2afeb8af3966af2461ae1536d290adaa4a525d46cde9968d933a4cbdec5dc42ad19ae55563018ee010ce48530987e1164eb0f1428ab87776cac7cc42ca37e5969d84b4f0772adbd65034dd769b87341382aafe7e9e60b91441bb97a54db24a2888b574fd9262d1da62918a9716af742e8f297752d9f37f4ddb8b9768e04970e8c6085251aa54b1b4b3d95a99ba7d6f05cac6708b759154a9372a6061c18c1d0a64a0025acbb89cb9f8784adeab23cb9522ad72c2abba94d59c7285ceb755f53b59d26854b542e442b585a96365dc744228d5a24b3860e63d7925c924ba48398d45a8e46c8ccbf31c66a8afcc98fbea5ab89657ad4e8fc4d8f8990c34e36a0ae92c12a322cf14b32465e5913a995c371cc7ca788f08e79324f95f08f99f97e682bdf92a57ad6325985c263ff00e18c125cce983316116864b171c70d7a1731b52c5880e245886357825db41475dbe53af3cd5fc46bab5b63a9daa18af3eef973937d08eed251f5345495740b21175dfe8439898f6f3913472a9129f78edbb5328aa6ba326f1c2d8308ebfd687c3a286a77f4a693aaeb3aba36a0b9d33492aa5baad616524a8a648d00ca6d37d1f4bcfb6456aa29f6959acb4220f9e4a4395dc615c1d19178edaa69ae9f53911b0f5aad7d65ad5f3175042d39cb7baa8e3eec46dc6b72ac95591cea3abb1a169d90a7db51724ab0a8a02a176433d72f9051b3aa7d0f6647ccdc2aa014a8db93e195cc05a639df5455359849bfe963ca6e98095ae9b42ab58bc634a35af1a2b14d6a78c8f8d327254d3a41d231f28f9a3b339f6912e1b03a3a29388b87f7abd59059e5dc3e4a420f4e422869cf226ec3eddfc873231259ea7f18ab9585117a6c465894c95f90a1e61a8f89f17fc42e4dac9bf3793ee6473988a7374e23165a0ac7275e386ba578fe0b984478ff003ab46d98b36ad47631393af5e28bdcb4f2fcfb997bc91968e9ea9d8d30bcbc7d4f24ce7a6d83972d53429d877d33876cd82c65d333a6ec8521144ee3ddcea01808b949d2695973fc2d7995b4c645fbd94b633102e1d47b18ea923eb52433075312b2458c88814cb5631a79c9675f39313d83444ab22019107622988031d6d2e45dda8aab24159eb6300deedfb84d35849db3b4e48d235eb24d18f70134bc6050f2d191ee0a11847647c91a2d76ce1a19622a92899843878e5b997e77a9c59bd33781cd5b32947a8c261b53178e824dfb745cc2cba721193c9b59b876ce4cea3e551016d2c45cc64cc655a8ac64553a2797e5fc6f2db51e8bb4b2d35e69a568afd20c902a158ba2bcf14ced1ee37ea62620eecae0163ad708f88996f1e4f3ad3979279abc36c5f2f4589a2996e46e6e11ddcc5e945ab8d6f3b86bd8a486ef956ebb415618f22d569ad8a53379003bb966d6e4a79880a4ee657d5352c6a3236d953f2b554d1eb074bc7ca4d36879d082962d3ed926ef577ef1bc8fb5132ef0cc58382a4a1dbc8aca741148f6c2f4dde806a8348cb8b587d98cd25514221eccbd988145158521592fb025957b0e6497320882899d8890e29260729ba081c5894bf37b7fae2dbdb9d0f51d150f5ec85456d65288ab6e2a7133a49d83a2e56a73cf10cec225e1601a34672ef05bb676ee31228a466ed545cc044c0515666f958bb7152d76ddfd9faa297a0ae4da0676f2a76d0b36c2e349b6a91a4d474c2d56c747d524a4d9998c91a3ca8ab06a4a90f1e630ae83e79aa5c12be06a4562a0c5e46fe3a39626166d5a4b0b3bb9691a2602058e0e940b1c736a7013aba91e6e973c0bd1e74f11db0dcd12f889e1d72d739e4b1d9484e1307ca9670f3e32be322a9878eef59ccdcb99996dd98ece47218e8ff728b3763aa6acd571a96a9192b4eaeaa26eb39b7b51d42ab6712af48d9370ab38c8c866a62336c93444a9c743b4611edc0a8a2981bdddaa5ed0e0650e02a9cc634ade5379c86fcb9475e25aaf6b3570dcd4941c752f4451f3ce1ccbd1ae0ae2a7887556c4cc91d4901a123e769b62ab233c8d62f163ae8b42aa881114ce132aa9b87c87dcc6b7a0d354e40502de6aa499a928b90676c9cb2b8856c76f00932a7904619390a61ab2726425974deb3a8e00f10f953fbdc3540ddc1dcf11279dba239498a8d8290e5b5c492aedc5432082ea26f639e413ea50d16c968b55429eb5a86a36d50377bef449052520a9741d19c192462d21642abaf3f75e470ad36671d9ac75b9eb75b93e7192c4ad60cb0b4ad5e4ebf31806f3879cc5448ca752302a594bcebcabe2ad5c57851cf1e117883cb18fcfc94a28e39b06d53038e8f070e173f1d3fdff0057e1a3a75e6913f743263504cd055b9137c1c2cb2ac93bd7cc959ebf34cde2a85b5616a5d3fac14e5c1d53f46d610f121274e12169b888bbded69d4ab0a7cc9c4996147dd907904f937f25ee2572c152b82114338f2bcb5f207766a2aaa5e928aa298d254e41dcb2485414fd54e60e1e3ea187ae28a8f826aa53d4f4a3f72f21d0a626dc48c754ac4534e59076a91d46a4ea216eb8096bb90c8bbafcb0551cc539afaa1a20942b4ad1ecdc13ca2bf49d4ab9a4003208e7d6f9bc64c463d7d1e93c7c48babdf489526f4d2a407c0abd6e73a0de055196b6b4b8320f2328d885259fc7b05255ca2574d197b1648aa922a2e2bbe70d50002a8aa601fd28184c600c0e04389b5cde5966a92e639668e51b2f0c766b7da49a499166b164bc5114b72c06436ca4a85232d14291c05150bf159d1f087912ed5cf627c2ef1db9cf90a3f0b735372f730b411cf8da58bb2303cb9cbc98fc85f59397b1b966ad8fe5baf7eada8ec5d8eb6472d6ef6423964ba95cdac543e1736b27ebd6d6ce92aeae3d3f5454905722e2c14b4fc442ca52d014950f75428a351f3ed59a8d9f9ead353d997465529a4a35cc9a8d22fdc8a83c4e4f8adbe74794971ca356d4d52e6af98d72d2ac817f5047a830e4a767d834633f23001f6e41369ca95836464948d51f433b6350c811eb2504ce1360ed2599a7ea2ae873336fa70f6de32f0579447be5470cea4a1e46bd92694b927592b18ee2e466933bf7708a248198442a2e5ca4e1b1d066cc8bfb441ba642b8f7d99d7ecddc150dcea2b5ac84ad2eddfc9d29545b994b6f54cac1435c07a7ae5da53d1a506ca4ac74abd9e19ea7db3aab29e41a20fdca6c521456fe835baf82c850b7f0580b58cbf14d120b8ed28a35583c60d5b3a94c6924a89619669a043d644442ac464e0979568f8cdc91cedcb89ccfe33e0b9f7946f50cadc7e53868d06e6de60a42098c5cc3833263fe32c55c4d9bb82ab67138dcb594357ab23f1166ce463c73b3511c9373273913465454f5bd52a1a6ee034a79c51f51444dc13b849c5ea774fd8c643b3901914d03cf24fa29fb1928301fb4e25c3554b20dd02801cd1cee6dbcad6d65632f425c1a7a4295ab610cd42520e50a42bb660f59367eccca026755312b964e5074898873019158870c00f1312eb7370d6b3b2d4f72e54e507191b6fed5c94649d9faae3107545d551f2692f20ad5553d550a84dd64de4672ba2c819694411aa0e9c3c8366ae62de9d02aad156d291ba5429ecb731709735f3f9dba95cb5a10282989ba423eb39032b4fc8a49be48d5d4bbe09fa48c8c3248356e78f1708ba66924c964852226997c961c2b22d7a56a75956b3589ed589e36aa67af527926a51a356aaecf3598a28a9ce93c892c72a1e8691bcb534c0e73c60852ce6b9cb97b0d2509b9823c462f97b078ac82731b61b2bccd87a386e68bd762cf6721862a3cbb90b590e68c44f84c6cf8ec8e3adc71db5c642b90b30fcc7394d803086d81011df3b80fcf6f3f2e0d22e49d35588bb75d66eb263922a91ce9aa99ca0225310e5301ca203810129831e7b704c7110ce444433e7d8761f9f9631bf1bdb0881ba8037dc341d0721e60239c87969a069c4554b0cb22e98fa8d6bb107b7d37ec3befd47af170deab1bc4eae81959482aea08208d10c0f6208eda20efd3e9c486a73990b994ba69b64e71cc8b62000108fd5515553281ba8048b7509b2536443a80dafa864647d07ce43c74e536d53fc0554e50329d4391388801b2a060306c8604c05f8bab400debc9c00efa869f7e823d5a6760dfbebc02415122e4d443e2cf6c08888e750111c8806074ce37ee1c1554e65cbd0963315e9cc6180e89246742bd5ae92adbeda3f4d6ceb5df8aa33fe10f22731c1605ae5ea10d995589b74e14ad3ab900f5ee3454249009257bfa93ebc5e0b1b99055011bbc6cf12121cb912fb4001113075067a8d81dc0475d875ec1c1f49ce34771dd492853980bb104a3a000800683b6fb670223c54a529523f60914a8b85412c00193054e5010d71d1ae082018c60319d371cf0f7c1dde5628becddaca2a80860414ea13006b9010c89719c864075d721a8f16ad1e6d49a05f894542ea03b291d3d5a03601d686f7f323b7dfc72fe77c0d971b608c44d25b4ad26e18dd75214eadf4120ff0038075bd77dafaf121268c0a19530e823d6239cf60110c76df4f41d3b70cd54ab2644d5030ea501eacf96a3a77d840047181c080671c5c0d9786b62eb92fe5faeb447218ef9cbb8d78f98ee602d8d4a684a879966b5344d3f6ea9db0efe9488a6d9d98ada329b8a94937971aa4f6327525195219caa821d4d1e20c556e66bf981f0f5a29bde0e73dfd0dcc4db6b69cb1f2a57e2dedaaaaab5baf2b515513d4c9ee8d295a544ca09b47dafa4ea795b8f51d1b55d19296aa5a3e92865651e540294fbb651949c6d573f4f045be70c4cf62783562211496635964586459deb5e8b1ccb0c55a7b16834b6a7892b24f5e192c758f21242ae12c9c07869cc3522a53ccb5d83254924810da8a6aa966836450cf25cab5aa32c55a194da7af66c475594acef1f546cd496fc0a776712e991c0f7c08888ebf201db6ce3b0f1b524800b9c6b9d74c8e00371ce323a7ddf704f3aa7979a39bdaee51e7aa8af2ccdada0aedbbe66126b7ed383be73b2f5434b615f0c147c95c7a3e3216a87ec1376b919c3d08da87a2d8b96f152a55ebc4937addc3b6ce3d47e1a751c2dd2b6d6e60eff00d9ea9236b1e5f6539a7ae2bc711775a9282b1f6223639ecea15add681aa2dec7d7912ad454db6673f48533174a4b55753b2a9e8afb321541ac69f17cde3cbe3948f3a478ba8dcd1782731b0a334b0d8fe2a46d1075785b70971382d1a18d649154d96d8bbfe5848d124f2d69ab049e1ebeab9143241fc27916428e932ea50861203b090a46cc2b3d36d9db3a8ec0510d83bfd3cb60cf028a8a85c60c390c6075010c7a880fecc6a21c59c42786bd5959d556a7f9abbd96aee3d99bb744defafe12fa45445d5610d0d11cb5c0fe925f182a82dc3eb7ff00cee1abaa3611687916549d3944d46bd52c6a9a5df403c76cdfbf5e2a22de0b73415bea863a32dcdeea3afbc04941a12e7a9e8da5ee5d205857ea3f9162bd313d0d73e8ca3a5119b6c4608c91958524ec0ab1b291a74270efc6463e3e46b5ca1764586bc8d24a63323015ac0f282c92c252c3bc4a95a612d79e335ec18e60f148a23da1d435d82ed489a5b112a45d61109b15c99898a0983575590bd984c5620944f5d6484a4c87ccd3f0cdb75dea65004d51d3b008e4071d8404074d07cfcf83b46424930214c6eb288080e83e40023aee1b64047be99e26f51316d8fe1c17edc19ba46745e7779436e9ba324433823656c473ba759022c202a9515944503aa901c1350e8a263008a441032e422cd5bdbd1cc21e86b9d4f0d494b276239aaaccb17f6a4d42f4d4b6e3966bb17028a9117b012517223f62d614cc24c7b98bb161202c423e59abe8b74f1939f4d98a287296a4490438932f9a2321de58e0a50dc91a34731a86e894c6aaf2005d4132007420acd54b363154a35aef3667c810b4a86348649ef4b4d048ca1d9943c5d6eeb1efa58808c402d09dbc8286c14e51cf61c69a63400ce9bf9877ee1c2c236416f80872814bd41f186a225d30181c00675c6043cf4cf1372d5f2208d61435a4ab2e3f31365ac24cf314e2551b01455c86b735ecbd76ca32a8794296aa9f93a1a81aaa02dad112f5cc748d29075256726c48fdf44ccc899937a7a3169a192b47f2634737e4c6e105f3a96dc72e371ad1f3ed3b66abdb835ec1d5d52d4ed1484b51ec1c5ac858ab694dd65524e8a555b1979c70545b37a698b787909275349b95e25a4a6d2e631f55c2acb24ee2d4751921af61d99da67aeed0aac44dd486cc4d5a5f831394b1fc16d4a7a48ccbcbd6ae44ce6bc1593e0e4bcb24f6ab22044af0da45b0ef3aa5079aaca96a11906ae92563e7a13102fc56f43a8dd402889c7ab436be41b6b9edafa63be7405c36029ba4e5367021a0086800390d447cc34fc3cf8970cfc3b2b484abeef4756d75adbd2b6c6cc5bfb6b75e66f4c731b875bd2556db9bce5855ad5559414152345c9d6b311b56359d64f16752f4fd3cc69822120d6a87b132add08e77172b5a622e8dab2629fa56bfa7ae7d3f1eab618baea948eab6260aa06ae98357c559ac65754ed2b55305999dc9e3645acb40b232524cde11a28fd80349176418fcb54b6c62aac67091452b4914363c9559a2866891ac34420133433c32fc3990581148b218950ef8a8b98f017e82f9f6d56a89679aba453d8aab65da09a7ad33ad4131b4d5d27ab66036d61354cd1344b317014e959030814c03db6f50dfd34f3fcf82c55b1cc39020888e4474fdde5ae3cbf39a37252307277c9eac082655dcd69cd111caa54c855562a3356a410f6aa14a075012039c130389809d6602600c3c3bdc8c599a0ee9b7bdee1fdb583bf179e93a469892b21cbe54959d414644dcc78faa7499d72f91fd11a968babab39da2e9b2a72b116fe9aab62252a12bb7ce93425d388523964ac672bc78eb1929a09163af6ecd478d1a3d9f2326f8d1299277af043117413cd24d24715584bbc92f444ce61a0c25a7cf52c057b35dac5dc752c84734a9602ead60a1cf3d7482a4576dd9b02391aa5482ad79ece42c88a2ad5ccd61211587ee8639fa4483a0ee21dbbede5a070348c4a631044ba06fa0f7101d738d761d400074d723ad8b8f2eab5f7bc15f4746db4a43934a6ad4d0ea55b799855cfeeebaa5ed5c7413b8b8694947f1f58a95f5d63cc54550cfc1c2c050e8166e59eccca3162c9323633976d9f0b2fca8d999fb3dce5a24bc1692a689a1e379739c81e6065295b970f1945319dae65da554c23a9e98a192b8a79e940232a64f13034c49a530edc30f67205882bd9460c2d666943089248ec17eac709e1485ac9aff00bcadd5ab0ac93d4162a34fbb514cb5e2b324f3c3a7ae92ab213bd6c5642fccf1579e9245d19e6ab62c5b8e80bbff000fe332391bb2c14b26d47271d355c658ab2642d51af4e9d9568aecf5de39952a759450094a3d01a6ba87ea88000fa0f601d7f0ce785035870110c86f8dc301b6fe7dc473e7c4fe0e442b25ae45bca3a93b836eaaaa22e5dae9bbd74fde8456aa612dfc65aba3cf55a15cd5557a1394cb3ab69c52887943d4cc27e195a71dca1dfb26ad2190965652341caee94e52a2602bce5cebc81afe84bfb63ab6e61686b59504d53d0b5842a71d528ced3f212345d6549d7f4e53536cd3a869978e64219e22d5fc44dc6a128915e22fa3df3147d7cbe2d50159cbbb42f32a08a75eea2cea095de354ab65dea59892b5a6867696096311f5c6e14526c3f324d2b29aa218d6dc555e66b74e4dacad8eddcad14365e7c8e3e18f2b8e9e6c8e3a3b54920b95667b0239e266aee6d0ba17e000d33910c0f6f3f2c7ae351ec01c289bc27c20205c8e9dbe639c673f7675cfa7136e66c85b59cbe17e2166ef0dbbb15034d5e1aca9ba5a1ea2a6ae4ccfbcb11abea366c538a6d40d1153b08ca7a9d68c1bb7927329211eb344576458d8f93cae0838f13c8d55b1abdef3dc9b876ded8c2f2ef74a12d6dcc9e9e71524b354dfcfb7accf192d4b47d334f4bce558d241d5225671ec2362825942cec749bd631d08c67e4a1f1f2b8d8d15a7924aecf0d699237ad68b4a2d3568e25ac56161724f3add580a5333b2cd3c31305924452196b09ccb6659531f0d6c84715bc8d592783278c11566c64390b5665c9f9b711b0d00a388c9df49b30b462928d1b96d19e0ad34895ecda17fcd308e9a880e9a88796a3db1afe3c18843080864318d76c6be43afd75d3f3e27739e566160adc537712afbdd41522cae145d6b3d6b235fd2d75e4cf5bc351551ced28a2ea4ad3d414bc3536fe726e9e7cd62a1a59f049b222cc1d54cde9e66f9b385249d4fca450d5fc3727cc20ae45a6b4d5b5ddb0d47b382a56763ab434a5c6b8f2572ee2c3273738fe93a4a7e229d6f3471a7a966350d4cfd98bd7b1caa3eee58f8a76fd26b63378d80c7d4d3b44f3daacf3a53b6638e4a714f2d8d7f0034c909ad3a4f240244aed1bf9cc8118888abcadcd7911684698f8ad438dc4e561a32e6b0ab62c55cd5bc6d5c6ec9be23a535e195a3350af7daacd918ec4028c73bcf12b548921c7a403a443b6c3b08771ce9a0fe5dc783346187fac5d33dcba6bb797976307d76e27cd21cb4543575096b60cb1545415415d7367316009524838a946aa6151ab0f6d5a7d953cddab8774c85150af6a62bf6ee632357a994925e688b2ee23cb1c87022b1e5115a6a92b8b3f4e5d8b7371a7ecd3d64d6eed1549a359a52d47b67d50234984c47c94fd2d0f0359c2c5d4ee59c0cf4952d2322da3df3f62e503c8433a4a58ce532b8df35606b016569bc840b1c92212d6be0e2679a149218639ad11044f34918799e3887f1245561ab381e6b3525bd15032558a8fc7caed3d7ad308d31499cb71414ae4b5aedcb1471464c85b8a8d7b2f0d382c5b6ff00b3c13ca90353852898a025cef91c0ebe580edf5fc3851b3a77a80984f2190ec2003a06a1ae33be98c6d91c63131b9318548fcda72d8470826b206bd76dcaaa4aa645125533555180622891c0c5390c190314c020202202021a70d1c4c301fa7e1d34111d36c63e78c76100c67401d4465ab9125eb14fcb23c8ab4ec990b7f37c5cd76209d046c741a45ba8b10fe66ba57a09601cc641ea72ee373c2d865c8e5b378a15fa35e51c352e5eb86632f5edc5819e54f28449e57c316f31fce0b120da536005d53101c6738c067b0e83a699feb0e47f0310a6f4fd401fc73dbfcac0fae71f51e2e46e45818da3ed8d1b2d48726d115253f2bcb75b2ae67ef439aa2f528ed8d4d53dae899fab6a6066cae6b5a4123c2ccbc77228c79a9b3c2a22895aad1ab31299b1a369f952a951b98fede9a7a9ef708fb72a5db56bc28490d28a5bc0a013b86daa1414f73fb45549f47aed61daa05642a9aa372945180a703a856f8dcf626f40f38735638e2b13ea79a9cb2186a987cf25285bb8f0bc667841ad6561b4c6401606d305df9af9339d3977235b1cd0fef6b16ae63282be3e9e7e9574bb99169f190a59e62c2e0a1bb05a5c7de65c9e2e4c861a35ab234d91883c3e6d7bb8a6f019f67fada67180db3e63b770f2efd80b02044a3804f01b6d8f9e80003e7a7e7bf165f15ca04acec6538c86bfa263ae756d45ab5fd15691f23540d473f4d0c5be9c8cea9c694f38a3e2276a7848d732d4bc1c9cea0bc9b256345c2d1ee255820b04a6f93c4a5e1ed34ad41786dad10eaf8478af6e21671bd6cfe4242482b099a28ac66cf4ed2730ca9a606968a40a49c9472460a964d106c0e0b1d3a78b78f99c347b2d70ed65f2c2a55bb23c87a2d49e6c11c75ddec57f2e8dd905a8165ac52a5922522097a58e3f96b9f6d2c2b1e1942cb556d196c6630956b55dd8c2d4f85c8d9b592860c5e505ae62c0577c364a4ab9649b378947a4ad91a825af6674fe751267cc701810d37dc435f3db5d031a289bd3c3a0fb3f843c8035c63b6818f2d07e2ec3c4fc82e576976d662e45735c5c48ca3eb8a12f044db0fd1a77175449b541e274edc49095887cac15332892f3337274c322403e6d204828d671931f6e3b4dcca459100d5bf2dcc6db40a26a96e5d248d76a5374a5585b768c2d7a7905e22b163192d189c755014a128d907cde2659bc8c88233858b488ddfb36730fa49a0b352429e5f173596a714961e75b3f0a8ab46eb895c455657962912bb46f5234b95bceb81be161f3a232caa92c4cd099bc2737e3b16999b7063abe39f123313493730e02bc94ebc96f2d4a0a572bd8c9c33c39ab92e0f2bf0382319cbde146dad4a52cb4ee455e0f9218c40d4a21fab8d04444303aec001bed91d718db4169c78907610d43fabbe37c0eba634ec01be351cbb4bc0f406400dd41b673beba640760df3f4cf7e0b548631760ed9ed90d403d437d382b8a32a476f97f83dcfcff005e9e958af322ce37d6093f53ad7d9f4efedaee7f23aefc22d04ce89b61c699fdb9101f9f6d35e152c1610c6a38d3cb18fbf181c080fa790ebc075588263a863d3a7e7e79d7d3c8071a808f1b9ba7d038001edaf71c67efdf1a6839d3896acfa3a3e9edf86bd7e7f5f90df0ded4d1d98cb76248efbd77fe53fdfb76fefc38118e443a7e2101c63d3a740d75f2edebe401c2fa35de40a191d8036d76c6ff00969c35ac4c2004c08fdff20c07dff96dc2ce3d71002fc80407e8190c08f7dbd00434c8862447db1dfd47cbf5fad715f65ea2b7590bf87aefb0f6edf5d7f81c3a6d1c860ba8f60db60dc7381d4739f906de427c93801028f56df4f4cfa63b80e9db41d904c9d860033a8076c79ebdc71b080f97cb65122e4301a886db77ef8e9c69f30df600110e1bc90efbebf2f9fbf73fd8fcb8aeeed3219bb6877f6f4ee3be80fa91aefaf4d6b855a4a6702039f98ebea03b7d035c635ed9140202190db8244170d0de801db4df71d32181c7aee1af06499c477f41d34c87cbf8dfb711d221527e5faf6fd68ef881963284ec687e5f97e3f23f4e05719c790380f7c7cc71f3c7f0003bf9f1eb84f84b8ce338ce338ce338e1413531dc4701bed81f3ed8cebb706292b8ee3dbb8886fe5e5afd3eee09087cf7f510011dbcc3021c0b4ce19c008e4434f4dff7f6efc7cad2809dfa7cff00d7effe9f4df7e3f7a00efb8e0f48a63262f5634d35f2c643bebdc4075c7072cce20a13039c88681a6bb0e7f0d3e1dfcb514c24aeb8d73a79e3e9e61e601fb383a66a74a84c0888f580888e4741111fb83380f2c006f8e3163d9efdcff4ec07aff6faf1eb39e9237ec46fdcefd3f2fedc3a4c94c171be8003e79d4035f2d36fcbb1fa2ae44351fdf90ce4433f7796bc249a29f080808fc58d007b6e2223a6a1bfcc750d783b495c00683a69db23dc7efcefbfe41e347f21afa1efbfd7e5fdf88262ccfb03d0ec0ededafbbfd4820f06e2a06839c08640404403381f201ef8ce3cb1c17156ff001b0d74c0e37c7eb00000879876c798718658075c644303e7b6800390f31df0380d71e6540b61de047b088e3021d8301af7ed9c7cb22396ee8003db4477efb3febedeff00d787f5588241edb047af6efafccff93c2f5b2ff08067038ee18fae83fd60f8bb6e3a00e78354d70ec22038c6bf3df41d37efa6fc249b2c220411300069be323f3f3f41d7600e0d88b6839101100df5d43f3ceff0ea3df4db86be5ece891af51dbfc7d3fc8f9f0af06e771801c9b3b869a8ec3aeb8ff275000efb8edc6d68e75ce47b63d338dc0047b683dbc837c27947020020038dc33a069ae9b06dfc0ef9f6c9cfc59111d701d80473a800ebe78c699c8fcb8f563fbfd7dbd3d877ff00afa6bd38501250faf6edf96be9ec0ff7efc386d971c00f569a64474c87980e431befdc71a6bc1982da604440073a671e81dfd7391ceb90c0f749b47392ee238fb836c0e323b770fa000070640e03a7ab71c6a23afa88e071a69a79063894af0afd9d8dfa6bb13bf4ff006fcfd74388e98b68eb7af9fcff00d35f2fc47a71e9cac1ed444074d071b97d0c2191eda796bea395241c5c84d9c89b5288133d2271d03380c8007a06a2221f9688174e4a0a880e760efb864702391dfcfcbbf1266d7a4d81ab5e9028f514a238c0e4440047eb90ee1f50eee2e44a88a540ea623d47dddff3f99efebbe1149ce981efd23b7e7afbff002ff6e02a166aa17c801daac26318bd424314472021a80000e443b647019d0a1db86d2a6b1f57b04dc2edd1339553eb51469d062a82511111144d9129c4338e9102e0321aedc59c5ad41b3b7862ac05c10840294d8c0e4702239c790869ae34c6ba48b696fa9c9a9404944114b24f88c0051d0e5f88b81cee3ae34df01df8de0c779f102ac01240db0047b01f8f6d6bfc6cf1132e665a53369410a013a1ea06bdf7b036740fb1f73db5cdfcb464b4408049b174cc0e22529974cc428886bd2530fc3d401b8640ddc037c749fe1d3e1bdcb1731f66da485c35199e72422917867447466b268395cdd00282e4548628933a133d38000e9c6a2dbadca35135b2d2e122d59ba6cc1f0aa448c52814c52ac00073904000e0528e43223a0f4e3cd81e65272b6e4f10848eb455ec85289bf49054b1d14a90a8913318c3a246f6844c80251503d9f4094e18c080887137cbd562c6597b592a515caaf13574ea58e631c92328495619c18e423a5800ddb5b208d0205b9daf64f9a31d16270397b381ca8996c7c5c064452a8a18a75c7f6d40f53ad827409df6e26a5e7f099b0f6b6d07380ac1a6f2aaaa2d752b1b5751f3d2afa45b8c3a0e4e5cb66ebb14ced64448092fd68b84d5f84c403827a2815675df84ef33146b9a563a26a4b3559d5756c1dbda8a2a8580b8ad9857858eb9276e8536e8d0153338233848cf9533476ac53b910682455c2c54da802dc2151f12de722988fa858455e191559d58dc5a540de422e1e553956a64c5306eec8f992e0a2401d5d29897a726ce323c365547389cd03cbe1673993b84e5690b836a58d24dede4954549162e1d788a3fac609b28cdb358d6d2ad522a8a7b55533f5ae061115b200212b97b3cbb6268920c74b5bca548ba6bc7156458da467967791249bce94b3b69648f4155225750074c172de1bc52c625933733e2f229334b611f27f117a4b1661c752af05458192a0a55a7b304b2cef56c8286cf9a6299d183bad4872cbcfcf2fb5a1e5280a42ebd2f56accaa362e2a1b4f2eacb91cb181954a2ea889919ba2a45f315d18f99492672b1122b8e2411488bb433848a056caf05cfe65eb3815e93bdb39726a28287b8729564da758307aacab4ae5662d20e79579372ac8efd1924a29bb68ffb3debb33660449ba64649100a5e1c2b01cf3569432dcc5c7d594fb7aca8ce671d3994b854d319d93a49c47cd2d59fe9c12568f996257eb41a89cb0aa82adced1eb578c55f60e5250c421c256f305e2df75ae5d26c61ede4016d0d4eeee7c954d36ac54d3599a42a9a4a4adc465b56b4a563093716569529d36accd2525253c570c977ab272093262ed9b655297a15e97ee8778ed5d8612ac7c82e650db75edd0be5237501d454e813f64927ed7109937e6b5e6aacf6b9479572f6e368d23cf031e325ac12b23ab0b12a65b21088e496d555581241188d6c233adb682b464b017b2c372d55d30be16a6a9b9d2370a9c82a858b0b7b72ed9d3aa52b30ad4508ee11db60b8147dd346518a8920fd65d9ba5a81048174930708f498dd367703e2aeb5f58e630d545b5a8adb9da49413f5ea8b6558a1233b22843cda72cb532edbcdc4c414f4bccb5051849c79a554038fb354e470dfdab252b97939b4d49dbcbef1570f9b0a3a8fa9ac0c7d3d5b3dab5c377d4edc2a71b3c7d4d49a54eb9790d464a4b48a08213cbb014d56ecc80c14122a27488989d3b817346785cd5e56331cb7af449aa174fe15ac9d2e857550d1d06d29f73507bbcf4fb60aadc0f4ce47c718aa378b22e8b61682670466bfb0121ceb92eddf8da0892c57ab55a56f3a884d4b2332c60cea25f32450ca02ff000de28f6a75b63b3cd9e3f603c3ec864c5dce727f3273966abd0a6b8de76aed1d9c761d239edbc587b36b1f2e3a9b1ab23496b597ab90935750cae6328a1acae6f7f2fee6d25db654e52acad74cd7f6eaa6a753a3622858b3a6f6a196ac959c6f24e2bb8e4cb22bb45628ed9b1229e376f1d1eba0a26dc854526863c2fb7561ac449cdd654dd4b72a9aa9967f6bd9cf50d2eca45f526c99d6aacab00750124ace22d1bfda0ca3bdf7a935953345c82551350aa87b22592dcde5d797e88b3b7b6a3a52513b928c65a9a8e7e96ac979b8e49943d411d5b845b18c8d856608c8a92e844b72aee9ebb58cd1da0e3daa4c4127289c95914bf2af73eaa56ba6330c94a165a8bb72cae6251b55b07cd169ea7e425a3e299ab1a66e8ac6295c19f8ae8b9326a2262a474844a71ea25dc7e16c491eebc73f4690472a14fb442964e86200059f403af5293b5d0e9e39d793e2c350e5ce696c4738733f25a5cccd79ef5db53d69ed497157091d196179617cf4b05311d7a17167b4966686e584c84ef13432c2baaab912b4350b0baee6da5613922f68ca865d08d70b49d30e2934e9f64d610eda4d49530a449a485cc9384e40cde4e3e45a249a6ac7444e81540e224731d646aee499d848db5bf467eee5dfbaa46ad8b8300a6250c764d5a4a241234f273f3e854347bd33838c5be95236055c355055886fd689d67baa8e522f2d0acab67af13a7251951752baa5258d073e9b95d69445ab25ca46b1ce10672029b84e4da0342bd68cd778a0a89b5457f662618dfcc135bb96cdac4c7dfba3ea3aca924d573134d42d595ad46ac453b2ecdb315a499c41e26716421a5d062b3223c8c5524ce936510eb6a05020f037cc5468418c9adc78f7c7da503cbbd13d8095999fbbb790080ae094df449db4aa17b303bf0fb259ebdcc985c51f18f11e26f2cd87b51e43933258fe58932fccab1e27172470453652db99e5a1204cb3d78db14a82e89ae4d65e2e89daf6769399fb9505177b2916692f1f394c576abca8adfaf4cd12a3187a0c0895649d5cde964e9c6ec9f19a3e6cab834a10eee7183c67d4abb21934cb1e6dd12763a51294a6e76629d964c14046560e45ec53e40a05131808f18386ee080614ca0205543e20001ce00024b8f33d51d35cb1d7d656d5db3a8e89a12e754ad646afaadcd473553c79db4720d537b4ec12ebc1c7358a464ced5904e9d5917ce5e356c8b3580897eb361cb95cfa82d9ceaf334fac926e9e30731aed35d69049170c95122c741718d7d1ce0e9994413ea48eb1913817e34cd9c807e3bf764d92c4c6b6ed48cf0a4d76c3798ea965ba159aa89a3ab31562824793ab7fc458d59bc92cf77c2dcf90f2df3fcb92e57e56a95aa65a7c5f2660a9b63ea59bdcb9595e7ac9ccb263ee73062e9cf11bb2e321a55d1d1463e5c8cd1c033028e3da1b8f1f5154155af2b34fe66afaaa59eb205e424977b373536f7d9376ed0ab2ee9474fdfba326441aa2075165ce54c891007042f129e5f9d9bb74a4b5eb946f4748db5b8b75e97b294d369666ee42257a61b59f4a0a394f6b0f3514aad2ed2ad89855a3a5d83870d9a820fddb65caf59aaa35510b525d664d2ff52175aa160920c21ebea3ea8988fa75aa49e5a413f8b74f423992cba4999cacdd928a0156744f6ce5413ace3fa43aa124696bc5ca55ff00bf1732abbff20f60a8b7b54997a1e2eb395aee49baf4e4ed5ee6427ddb374c1ece9689976d0ca26a120e3522c3bb7b849376d8a98a9c1142238afdb8a965a2a7626bae88d659625941af6a3369ec38778641158b11a32b7589650558ca108adf9eda29b1382b9cd9e10e479cf9770bca11deb5160209f2f6a95c4e66e52c957e55a382a6d520cc566ca72f60b21661962f8234310ff171458cf8b8a5585b3b93c875db61442b756d014d5d1e128285ac106d6f20a9f824e5e8fa5eba652f532152524f4d272119544fcbd3127371dfa3d1eec1ac4810e9ca8b26edd6acbe70edfdaf6976e60d686150a6693fb360bfd2a672ee27a293983453634bad12fdeb18b7e462e5d099c24cddb145664b28b2005e82240168d6aa9cb415650d6529d7f53526ba4caf35cf8b79334c3ea2d6b80cad2bb878f0b7a8cbac63359272d88f907a506f2a0e9fc782ce848ccee146cd56d775f900a72a487bcd5b2579216155a2a464118388c46d4d1eba71742c3558d8952d411af23968a5670afd461126253e7391c363964db31541541135b382399e5d8fa2a50b373cd490cf0c50579d956a79d20698c83acf5310c43fda71ae95d74ad05c9fe21f25f85de28deb990e66f117054add6c8e1eaf2de7329cc1cc3cb959579bbf70d07c6e1aae3fcaa92b475aa34724b4a4b14f1f3d7f3ef49e7fc45be7d17a49c0147a4e53eba69811c6b9c0886a3f3d3ebc2ea84b54f6a27274ca0631532f50881470220061c6dbe9a6077c676e0dcc2994e253748894c2192e3a4d81c089473afeae9e6019efa4a2e5f01b19fb9050a51fe8877ed82e03b806803a7a88886a3c06f2f72fe3af652b4121212491430d9f96f4413dc6fb7a8ededc76973c738e630dcb990bf580324310743d1df7d483dbb7bef5db7e83677c446adada3a80504a628814074d040c1a880ef9ceba886bbe00078690f06b9162808888818a19000d75d8440403d0071fec7510e2c4ef720c85c1c0a426a710c8007ddaefaebf21c8876e229ab18819da61d25d54208ee021f10796821f708e77df8779de5bab56f490d76da065006fbe830f977ee7637f9f723863c99ced7f2584ad6ee26a5788b39e9077d94ef475e9dfbfd0eb7e9c78a769971eea91cc4102890ba88ea1e5a6a22221df5d03ea2365204e44c7051011c88086720222221b6bbf96bbea18e1fe8e886c8c5b6e92172644a60001c0086073fd5f411ceb9d3cf1c114a47a6629c04801801c88637d475d07b6da67bec1c4a7ee610d68d4b0d940411edb0bdbe5dc9d1d702639b26b19096420742ccc35af9381dbd07cfdb5afa760f11b9c7a9a0391fb23caada9adef2dbbab28bbe7cc7dc7ba4bd2f52bea4687ada95bad4cd8984a22295569caad092a92420dd5b8ac5493615153ad63635bcdb1344be915246512624d43deaa4e9de48af9f2d6fa3aa552bab9fcc5f2f37760e59bb38c52946b4eda5a16fed315131987cacc21308cdbd90bad4faf08d99c0bf60e5a329955f49472ed9937918d49c5908fd61c14400c38111f31efa79e35fc840478313b310d8a18ec01f98796dbe07ea03c404182ae91ba842a1af0bac4101da74b6b6d496036c8261d81dea301076e0beef33589a488ab0ed47e1003b216192a8aaca809d2930ef67b7dbfb7adf165767f997e505d53de1f942732b47ddaa9283e53dc73193d7360696a2e8baaa3abd9eb855ca35ddae846b113575281354143125594712e9c73f9ba36464215290a7e01e18f2859d8e746d7f3df6cec7f37572798a80bddcd95d85399ab65772dbdf9b9ee6d5dbce5cef6dba5ee339829383acac5254973137a29e7723444e5374f3f8881919da0a11bd3f0a4a1587b844be4a42269e4cd8c03a143190d474d435dc035c6ff00c6783355a87b9944003a80bbf71cebae3e9af60df4cf1e372fd493e243bce619e1b51cb033c6f1916edcd76568cb42d2c4cd6a7f3498a58c3982b2ca1d20450d4f325b8854082112c73d6786c04916456ab560a51070b2ac522ad687cbd491b94f3ac3466369dd8da95c3e6b68daf2ecd9c95a8bc433c49ae242db6256b370579aaba1e019dc8b455ace230a942bcb554329cdbce8aad9f251656d5ccc2576a8695769368cfb323dca6c45276d3f3cdcc65b8e63aafb5f3344a954d6353d1b6d0292ba57f2bfb73425a4b87cc1d6435855338dab9ad281b7151d654f319384a5e5e0688427e46b0aa2b1aad8538de6aac9856417235695ea44ce51c81874d04047e1cfdfe439eddfb870308a18a25c0e3021aedf5f2fc3e7c39a98ea9566a93a972f523963882c752051e7b3b4ac455ad03157323168030a85c24c6b9b11a4aacaee42d5a86dc24a745c922926264b7331f216258947c4dab0a197ca004ec0da0864844e2bc8f0b587512fa352f0ecbe714abf6449673ce9729d26da30ce90248388f8fb1dce7b67afd164638395d93373271eddd3a4d2320dd77ec9254e451ca00a481f0cea1aab83adee67337311078ab116af978e6e69badae5493b8f8ea7632abadf95bb994751947a2e1f3b6ea48d5755d4b5a535134fd3f1e9b9939573225f746ea11072642a708f041a904a2601000c8e73e5b08635d323fb475e032928253a59110d0df5c0977c603b879e7cb87d3d433d7c9545b2221957633bbc06531432d4af4e748809a2fe23451318e572cb148e0b432aa956184b32436b1979ab34cf86d082359c44249e1b93dd81e56304c7c9134ca258502b4b1a1549e1770e96e3477301ca3dd1a0f956273307bf34e571ca4d36a5bb651768a8ca12aea6af85b08fba1565d7a560a46a0a9ee4508fed1d4f1b315dd474ccad42ce99b9ac9fc0047cb23128cbb55583c792539bde5ff993b6b7c28fe6452bb56d2a9bd5ced569cddb7ad6d251d47dcb86a313a969652053a156a52a9b856cded48d972cb48b63c9a73d08e620b0b072252cf9a4a5231ad1db49902a84cea1900ec1a64433b8eb91db4c8000636e1d7652a89d9a252983aba433d58c06d91d471b63b7600d475e1ec782c74aed32cd6d248a56b15196651f02f2da3766f855789d4a4d6d84d247616c2374c7000b5a34840865b3b9aad0c70fc2d29a1b11256bc92d791864228e9263e1371a3991d6482929af14b51eac8a5e5b3b37247b06e10fcdc5aa9bbfed2e051b78799ee5729ab4d65ed1586b15555b4a2690b875dcf5076be96634d492378e9e56f1daa8354f5d38626a86461a2ea0a8e9a6cabd353cfa36618344e54d1a39a3ba16fef5df8ad6e45b4a43f42a91a893a5936d18782a6e95732f2f0f47c04054f5b49d2946e690a5e5ee1d4d19315ccbd394c1d6838591a85cc73074f936fefeea1a327e9094004f9111ce4761d843be73fad80d74f2ce415ac1e904e4289c0a1d45c77d471dc473aede423a6c3c4963f0f4a9588ed5732978688c7c4ae62216b8685dbcc91624b161de48164eab334a2391a668162f3a60f5bf31e772f92a33d1b2b108e6c9b65e768d2c02f6fa6c469e4c4f3bd5ab14715a787a2957ac658a3aa965a7156b79560370c63dc7289ca3c7a4f1a2cf63eafe66157cc525d151db34dfccdae3b351db621ccab723b220b19b1d64c855ca8aa2975826a0012d9484b012033e9dedad6eed08f1218771464c5aeb7b495c56e2a2669134e215145549726d9bb68a690c7847f1330efa542c911f34003365891c99b9481a2583075600341db4d40474d7f8ec002ac8c540e25cebafcc0471f0faeb900c067cc785e3a1e5579aaa599a2696cdab4b6205884b19b77e6bc551668e785ba7cdf25bcc8dc48818955ead2d4398ce4b3e4a1c94f8fab652b51c763da8db6b2f5674c6e22ae1c4b23559e9595671585a5f26789e198a2ac8c136f6d93bce1da3af6abaa68cabe3aedc9d94acf959a079639db8b2095352b7de5dedb3ae62ae651f7767a156a810a765655b54d111f00e68d715caa06a199318d0ad17916293a559b46b4b2d6fed2732368addca5cdac185db6d64c298aa2ada2699a31417f6faac92a8aa734ec144dc2ac421d82c83c41bd3c0ca5aa172f564945648b1253100b0cd92c428a65f23008771101111010dbd0323ebf45f0288fbaa43d21d43b8603220018efa7d76f401c00b7afcb78eaa8b1c0d663ae64a3624ac255314d6e84f567af6e4dc6645981a704722c52455de14e8307d942a2f9ef137992dce27b5163ec5e683378f8322d5e55b757159da392a390c5c256c0aef53a32b767825b35ecdd86cccd30b843cab24e3a079a4a029a88b014a4bd335749d314bf2d37bf96cbcc9312433096710b79ae35d1aa4d505b974b48bc6cee429b615a53d28dd2a85b43212131112106b82318e539a11b1b7a2c95ada6ad05b0b54b5cdad692a7399aa2798fb935a56d4853144d4128ea866a485a7e95a3e8b87af2b68f4108b8393a99779292f59a669b9a926c915ac447c79575e0b3604940ce037c796823a8fdfdfefe0f9b153f8740d341d03bedf86c3a88ede58dffe18c63c9236ec2a4b2cb3cf5d660219e7927b96566914a16eb825bd61a111ba27683ce497e1ab98e026f1639a218228c2e3da7a75aad1a579e9f55ca346bd1c363e5a7038984421bd5b058f4b6d34334dbf8cf8496aae46f2d8b22a5f99bb5cc60ee18c65537dac8d55507309726ee2d55d9a82a610acee850957291eb5376e2a7af3f4fa99a86dd1e9a72da51749c420d714e114a9252456a7655fb16c57a417d3994a22eec7734894341d5918eefbf3196daf1d389cab689f778b81a4e97ba10f2d1b38e5b4d395893077b5bc61a388c9b3f66e9b357eb3a7ac574dbb7730b4a448524ca001900d434d74fae371ce9e7f2e0d1b372897205036da6839ee202380ec1f786c3c7b0f27e2a1b22d209da4568d90b4a87a7cbb74ae852eb1acb2813d180813c92f951830406280244a3794f1ab9beee29f152b514ab2a5a8a7f2eb4a3cdf89c4e6704eeb0bd97ab524fddd9ec823351ad53e26c32642f0b79032da9269d89bcd6ced75b97f015056d77eb4879ba7eac695472d7336fa8d9ab2d50d532d1731194fd44c6b09ab8ae1f522e6315710d36bd45036c53ac5b48467b9c7ca1db1d3788942f7969052e1f267597d9752fd9bcbad236a602b14059c603e9275425dcaaebf965297482645b3c6ce62679b378e3cb3a84515924dca4e5168d4a93c5633326c998c5f840c390dc351dc47d770dbbe3018eea551aa664c0a001b0f6dc431801fedfd9aa8795a8358b569fce796d34a643b863004b058aec0241142aec21b3227c44a25b4e04492cf22410ac61967c62e66828e1f115c5282961d29a565e8b96e467a391c66511da6c8ddb72c314977155666c7526a9888647bb2d3c7d59b237e4b336ecb5dca5eaeb93cbdd07191d50212eebc46daded4dcbf6b1c9c6852f5d4f5aa878960759bca3a7413eddcd38f54916a56668f49055a9db4abc554592408ebfafac85bf6dccdc7db01b992b5f5f278fe88948eabe9fa6e2298b6b4a92e54656f53328ba862aac9a91afe424a569588898892774cd129b488178eddb133f3a6dcb1163fdf225f32938c76ea3a4a39d36908d9060e1666f983e66b11c347ac9db7326e1aba6aba69aeddc20a26aa2a913552394e5298049d051d2eb3970a1dc3870a9d75d758e65975d650c27556555504c751550e613a8a1cc2739cc2263098444592f29d54ba2659a75aa1202d55641d334f0641b22ad3b142cd08b1e53848cc6dfc378dd9e09a589dc59f1c32f2609e8c9471b365da6c8c71e625adb92863eff2d41caf2c78e8925448edbe34dd8659ecada881b31da82187214ea5b81d7e513dda2f9a4e5de4241c3666c9a5e3b7ae9d3d76b24d9ab56c854f1aa2ae1c3858c44914524c04eaaaa98a421404c631435e1ad866e1f000940750010df2181d443cb50c00e7223e79e3ea8d49828600302206c637f5c673f76b8df85044b502988380ce33ff007be5a79fa0f7c0eb90e082bd111df9ee759633d5a758c7aeca2a4d7a50fd5befd7f1aca57a474f96082dd442d4398e6836f95f1b8268020c6e5f3b96164484b4cd9aa7cbd51a031748082b0c0ac8b2076321b4ca510440c9386e0d57cbc5cf85a3a65d4fde586ae297b276d6defd8a85bba25f52aeea4b7b4045d2e5542a252eb35984a0a4e4e37da19e0d3067cd982a2b0452ce09ee826ce6f8c02bcbc2740962a602ec9e0d95a87757091896214b1f1d57bab8cda10af4afbed619d1aa15630ea36fb388c02948c6ed4d20b18fee69c4c6280094b90c00604761ce35fc47f8cee78720010bae77c87ae71a7dde83a7a7190f2cd01053ad34b6ecc38dbb5af5149a58c0ad255eaf2e15686185e5afb20bc561a6321542ec7a4711390f19399bf7ae7b2942ae131390e6ac065397798ecd0a76dce5ab658402dde922c85fbd5e9e54ac2c905bc64547e196c58582341336a6a3de68cb3545d1687f3d9cc6da99fa32ddc0d06bd196e0ad1fd0952ab48c3920a126d9c82b716925e93565239ac7054adbf4627d3f7c2ba7ac0ce3de3dd538fd2173e9d7ae795c512633405b234fc6c4d5253b560069072ceef55f5fa8a53c05923fbd207879f66d933c80c52832493944532b54d278b332ed230886323b886e23ea03fec74f3fa0701510314e070db39c6e0381c6706df1ae9a08f7efc655e53c454eaf8789e34334b3471aad78c45e756bb55e3f322af1d899162bf64466d4d62488ba84902204e1fe4fc70e79cec51be42e413d818fa342cd89a4c95936fe032b80cc4361aadcc95ac763ec497396b146d2e12962eada114af3d679e692732ddd5cab6f5a40dfda56a5356b4eb0b857b497b6899588a7212a174578cd3b88c51a72a88b7956c0231e9be615b2065252325660239e335401948202413abc6e4d08dacccedbafd2bb93729291808a6347d277068da619c25a79e425a1dfc84f52558275ad4f3c448acd9ca4434888586a5a3255acbace269b95444ad94886d4c5c000976dc74d73a797eff3f4e160c8e90e860d471a8f7d077df40c76db1e5a0bb8b9631c4c204b64430dda7904ae4d668d6e5286ac114892c959edc25d29c06435ecc4edfc450cb1cf3a482f90f1bf9b963b8df07887bf73019de599f26a9958ac4988e60bf96c8ddad629d6cbc185c82453e77202ac792c55d8610d52778a5b98ec7daaa97750c5100f873b8671e61a607b796b911d31c113a8600288f487f58350d74f21db3dbcf6cef8e1d454881800036d720380cf90ea19fdff007f054e9a10c51c094739ec1d8371000d7be9df3c161d6fb6ff001f5fe9c53d53313a9505986bdcefe80f6de81f4ff1ebc326fe2fa40df0eb911dbe63e619c7960433a674d484ac8c43681ae74d3023f20fdfaee19e1dc9060191c9404322190c63e58c6d8f3d7e5d930ac794a6d40a1a8ec19d43d7a7ee0ee01b0765a2d8d7d48fcbb7afe5c1c51cc75c4016d92011f3f41df7f51dfd87bfafa102288900b9fea8006bf7faebfda191c640f199c4a2001e41f8e3f6eff80e9c7c335e90f8476ef8c603bec3a69dfd036e362640208076f9e0031db5fe3e59e24227d7afddf70edfaf9f192ce261bfbc7dde9fd4febdb850b57262e0404ddb4faea38ce3e2c6a1a6435dc755020ec32019d7cb38f2d033beb8dc033f2c0708b4d402886b811c00077c79086bf7ef91ef9e0c5370018c09804033b88067e7ff00d2ce403a7b67873d88f983c405aa81893af5df6f98207dfefdb7c388d9d00006073be991f4fed1d77d3cc70768b8c80080f60ef8e9fedd833d8370df86f193dc8864d8c000806403ab0201aebae7cc07b7980e146d9d069a8e74dbb006007e98f411d8370e1a4b16fdbf11efdc7a6fb0faff009f5e056e512ac474fa6fd88d1f5f6f5ff4f43dfbab48a81803f0ceb8f40d750f2d7d75d38104537c0ebdf3b761cee21f7e784f91d069911db39ec1ae4740110c7cc0007d77e0591c80807c5b007701d341c633a643cb6111d033c33680fb763f97f4f4fc8fdfc4349588ee3d7fafb7e7efdc6be7c1bf587f58c21a063038fa8e478ce0bfdb974c80ec1b007f67edf9f19c25e51debfc7ddfebfdbe7c21e53fc8fafcbeeff5fd6c71c2726a067b87eccef8d738f3fa70353500719c67cfb1bbe9e43e61b80fa704843634d770c63b702c8a8877d73dfb8f9e9b0fdddb8f95fd1dfe9fd7eefd1e3f788188ff003c1f26a869aea1e7f76bf7efb7ed3966a809d3c08e44c5f4101ee03ae7cb3bfa709748e23ae47190edf301d31f8fd738e0d9aa820a93038f88821a671e78d4031b07e391e3755d0fbfd4eb43b7b0d0fd6f7db7c6ccc1811aec7d3e7f5ff3c3aacd6f8007222238c80e3f580371dc0723df51d783a4d5369ae9f3eff87a6ff96bc25592b82e4760c08fd004077d03b088fddb706c45c722002239f3110df218ce7021eb8f30c6447845d8773fdcf73d87ebebbe18796493af4fccf06c75f00391e9eff4d73f979887cb4e098ab61e86a3faa6d738c7c4181f3ed8c86baea1ae38fab2a601d0d8ed8f3d3f0d33dc74d34e09cab8fbeea38f8471b067e2f5d35c7908e991d786e4ec36bd876efbd1d8f993df877047d27d7bebfbebfcfdff002d9e17cdd7112fc220022181ce0044740d031ae823b80e433c19156dbe21d7b64739f30d7400c6301a6447cb84ab75f40d44474f5d3b7cc034f5ec38ee6455c076137cb19c67b0e34d3cfebc31673b236068fe3f2fcb7fd787be56fd7e9aedbf97ddeff9f6dfcb8335970c08e4447be74c6738d3f11d31a674eff59b90ea1c8e077c06d81d47cb501ee218d0473db82470be83f160350dc3b006e1a806fbf4e7d38c64b86741c0e33e639c60075c6823f8ebbf0aab6d49f9689edee37e87dbfc8f7f51c6088ef5ad8d77d7e1edf776dfcbf2e1c26eeba7a440760c60701e6000023dc3b70645758288e47d70218f5cef91edf963ba311702050d447400000d43b6a2511c8000e738edc1803a102ee39c6d910d03b0880e47eed7c8787304da2013dbd8fe23e67d77dfefe1b4d58f7207c8ebbef5dbef3f3f4f41bdfd363d7a055f4367201901d030223a8869ae3d0447cc341175a83af3ec5149bb930fb2298008a088e0a51c0e047238c761d87181ef98f8fde61d00750ee0201901c7c4238ce471911db1b8f7e14acd6ea4c83be85d74d36d475f98879f96387f724dc318defb6ceb5b1ad77fc7bf73ebf5f6630560649011ea7a4fcb5f703d883df7ebbfe961b4d5fb8681291cfb5209c0a1afb42886040370037a080ee38ce9bf0747e7420a25d99e9e58a73144c5f629f5a8601ce352800e319c603cb7f2ae7554e948d811ce35df7f31dfbe3cf6c7970cec8b81174e7511fe99500d741f8c750cea1f4f9ebc34ad3cae1916565e9fb5f6401dc91f3ededaee3b7cf8f26c4d6dab3a75756f67dfb74f624fa8241efebfe2dbd6f10c8d832aa114b3e722f443de8516c62fb3c18443554c5218321b8088806981c0e22b5eeb8775b98a926d5aa149558fa968769ee883d4229e3a6e5209c45474a8b54d421437029b510200ea023c42132c2260c86803eb9d075d75d31db4cf1d94784a7307c9952b67e222eeb1e99229f62b46ae86457629803cd08e0aaa6e0722250ea0e91c18319d0074742c4c924292596542598191b6a1906c00bb45eb258e8b305f5fa70d9f1b52ba99a0a81e60bd20820369b409042f62343d8f6f41be28f2d9f2596feb6a161eeb43731943c23ea61e46c9d490570a16592a659bb68e1171f674ccd45a2f0d12938513f7554920c5510ea1030644a5e2e9e80f152e4e6f65f0a1ed15c8a4e46752aaebeb17489606e236b70fb95fb1ee6d61956353dc0b71513f7869171155bb44566eaa1234e4224e5a4809241432275111951758fc9cdc3b3bcf2d256a2b0b4b4f215cd14d068a60954d054e3f97a948a14cf9132ca19340c53b6452c882df1081414286fc544dd8e4efc2ccdcc472edca7522eeea4557379a95b0f224bb36fae4d255b508d2a1acd4212bf82aa63e69428d3eab0688b87316e983a9650924aa2ddcc722d306e25e1ba63282178fa9901b0e0b90ed1c8ca341d9d4fd8fb448d2b1720a1e9048a647095b27bfde71dc66afe6fc094112b5559520964919a3f2dcea45403a4993a6265eb08f22b3a4fef4f849d47505614d5c2a6ed5d617a60a0aed3287af606dc9ec659496965eedbc7748d26e50a5a263e3a42a080b7a1f63c75c0908724449acdca43ca9cae11944e1adf72786653d6e86b4a5edecececa5537deb1a51d50b4ddf460eaa8b7b4116ddc6c8c0cdc13d8f1a829c9e824ebb70b9635f4a0a82ea1915a25f1d19328b86fe627c38f94eba8af32b336a3999bb34ec1729cbd4f1f77698aa2cf465c5b8ee156173c2dbd2f39424652355d2b1552d373ca084c4cac2fd9b9a59a98893b07c262a874a5faf06cba3cbeb17d255e731fcb6d34c5d5c198a02871ace76b7a5d7adddb0b791d73e34e82c9d1537034c3f95a564daa631955cf44a2c2a111843c92e755a3a75370e425309882c4436fb100eb6109d83b527d37bee77bdecf036797f1b05a49465735090dd4d0fc4da85186892a8201188630cc250b08d2748d3089995a453cf0c0e5fe8cb75682ec5675f48ad13525cfb0b4554703415d083af58cdc45de8cf6abc80d42bdbfa158d3cf60e5c1242623a25ed5cd9b315176e332de45027b50b41729d641873a379f973a167ee1b92d248dd85299a66e0c01adf908e6876b312a91636ba8690b947a92219c3c4a8ed94ac9d2b4e8d4594db9dac498c0bf14b363ac9ddee612e5c7d9db354f3aac6e0482532fa2e023e558b31748d30c5d4ac9396ef1f3d66c30cd8b25dd267f792f591301444c7314bc59f5296d7c5aec154c46b270fcd6c0cbb3812a2987da9555571ff00a34778a461192420fa6e1d58d55d3955aa51a0064d6170a2646ca1163759872cdb4f8e84c70c504801e9909fb21f5d3ddb48554120f4a82175a3b6d30aef9e397f2271b91ad639acdc927a96123a76644aaa8249637ad388c9b934a6131d8432068a59164f2c4e888138765d7289cc3d634a5392f010b092ce2a6a31b5c189a41ad5317fa62bd04ea6dbd3cdaab341aca20210e79076d8aa2a0b0b9450501db96c8b6031c195ae6179a1e57ea18b9aa864eb5a0675c3495a5626723aaa17a4559c13b2b69aa60b271526fda19bc4bd04937b04aaa29b47444c566a450a5c3db6d2fb73d84a2ab3a968c2be3d3d6a6977cf2aba9df50b49c6bca6a8b2564c6466e95653ce21a3a510a6cf559dba92b4741bb2b768732a408f68814fd315af37337706f5d3913015b1610e8c2d6570abb45e46b0160e179cb973049ca84ab815c2a97ba15f90c6608a642fb048e29898e000217e2dcb2cec1debb853d3fc267eb54281a31203fcb274952ca41041d82015df3ad6c2e4cd8fddf6aae02ee15a7b115c81e179e7582689c8568e62612ace20592278dfcd899cb11d2bb493be756fd5307ac5d37ad52712f5b12413a86a39080a7ded4af8927ee5efe984f2f183288a4b198353022473ec1255217082693850ea19abbb7cd248f342925097dee3d4348b38e7479b8e7905073f5cc1bea8566c931597794d495c08e634aa62d0a654cea958b7255565154862934ce062fb6bcc8d4740d24e6870a5e8caa60155645c95bd5516a4d0b75a400c0ba8dda48aeee1d0381fe222894495703801cea98c006e23b5dfbc74adc4828d8f8cb3f4350334c9ea6bbaa82906ada2cf26d88d9540ed1d46b18f62cca53aa64dc0a85289fda25810c18478af398b373224d5db22658ca93263e78ed79531daff000fcd8240468f7ea0d06f4017d7529b07973c32c11cdd2cc54f0ef1986c956b0f163f9df00796d32b8b89a0861f8a353218e68cc6f0d78eb1ab254ca242a11e2883a24b1bfb49df8a4ec7d8dba76769091ab2a535d74d46f2579e88752f1d1c48516c64d5b7cb5195f521149c4aae96f647aa2560e61cba7d1ced268da40c914c8845cb355dd1147cf38735fd20f2b3855582cd9360c26c609d3474751312c826e7dd5d15c19244aaa40d8dec40e0af57b74fa7574b96ee676beb74a435987d564530b135cd75146b910b37090f23187849895a71bd4ef1774f192ef11229110ad935c08a8a454125ba52caca89ece40bc84df2ad29542d6da4b71171ae2f9d53197453a924a2a9af6f4cbaa59f3a097a20d1551c39d950894f3188253276e46ae52348bd6ea453722a60e10c3f5e5863acd3cbd182ce3963ab0e36e5508aad2cbb75aaa24b86e578cc9e6cd62c4514ff00698bf598d5b80fe76cc57f09eef39e3f3de1b73766713ceaf7f99b33cfbca7cc26dd8b31e2b17156ad6b3f625a9ca63967377a0c78c6e370bcbd6ee62a0686aad77a315e9178a936952db2a8b987a21e1a3fecdb52eee1d1632319562892e8b6a6fed18924ea134733a7892ac4122bef6ea1dc1caa331113952c9914e6cb2e5c797fe6a7986b934edb4aa60a97a0e98a90d0ed5d40c65376e136a84d55ee62d8c8414423357151b970b131a991d965110b740ab3003c99e38552a80e3513c9372f172ac953f52c9434f43dd6999fa8c2469ba226dd3c7d1114cb98446dd1df9e2a59d3e669d2d034c3c6e128e0abbc996c75d94b811c33074a91197a3c382cc5bc49ad52ceeed6d194a3f98a6a904dbc4c1c7d76e1b55158dcca8a85887249832d44b679111ad29e72eea88f6cd969787980fb148a3b50e92c724ad8bcc431b5bb58ec664ea5878b2b305b82a32c13c0ceb08695116058fa91e58ca3b47a0100fe75ab7993c59f0e73599187c1f883e22f879cd387832de19e2a59f95a5e69c7cb97c76631f1cb987a98fb56ec662d5d5865a78cc92d9ab05cf36592d34aa3e1676f62796545b5beb2ce60d26542d73555f0ba7695fd6d5838a823a8797a7a90848c9185ac5da466b28a47a731ef0fca8bb8d2ab1ae448891302a69aeb026aa2e49f9c316975aaba5453184a515938ca81cc0d4b334e9aad61174b475452aac344c9b3867d2d188c0493558e5936ed48f7ad5498a6f0003a8c7985e50efbf2596f606ba67cc4c8a8d509aa63fd22a7a52a7a5bdca7a58679660bd3808ccb96930b428c12eac83916f14e9926f592c8a2b116585148db47bcfb5e9a16a19aa3ea356eb5295cccd491d55ad5749c1546ee9895a6e8b68491979490a9c0cf68732d47a2d5b464b367ec91926cc136898aab354d22ccc334513ae1efe1f375ae2471ca2ae2e48259575505659750960fd7390f232c6b27db6ebea0a43318729cc190c29f107937c60f0a33dc97673592a363983c41c666e8d46b12f33499e931f0b651a94d5be07052bd0a504b9338f028d67a31402656ab5aa7584a61298040c061ea28e862880e0d90ff002ba804074d35d7239e1cab7d5b2b4d3b3a841300285e8301440a21801c8e7cb51cebe7b6385bde4e526fa5905e9e42b4a65b3852a76ce1f43969a936b528b86cd924d770b29f6499614ca9a6a94e6318a0501ce4c0200068e4d9455254e91ca74d448c622899f25310e5112988629b0206010c0860440d9010ce4781e82c6470f7923b75ecd1b7132131cf13c32af5223aed5d4100a3a383eeaeac341813d449272af3de00dcc165b15cc586bd13b476f1576bdfab3a473495dd925af24884258825889d90258a4423a91870eb56d5b2938b8984e61011d723ae9a8e77df4d44340ec3ddbb2bdc1ca71d7a4c03a08f610fbf1dc370ef9c6382678e044c3b8fae761c800eb9f5d0473beb90e0015c88080089b4db39d7be9811fae9f8e38772e5e59e7692593a9d9bb9df73bd7bef7bede80fdc011c6d4f976bd0a51d6af00485174140efaec00f91fe83db5b3c49884a953558249a8701e9201751d800340f4c6801fe6f988638d1272e8890dd2601c808088efb6740eff888ebe9968a946752d4b2f1b4e5250d33525412ee4ace2a020231ecccc4a3b532246b1d191c9387cf5c280026220d925553632051c08716074c7854f89f5791a8ca417233ccc8317298aa82b3d6b2a5a40eba5d20622c8a156368474a22a8081905089188e0820640ca14c51e25e5e68a95e045b96eb57da8d1b13c5082000363cc6524e86bb13ee3e8049391669ae492538279959fa996186593a76412088d5b47bfa93aec3635eb079b3c4d47a71307eb08e04719f31d33b1835edf8f07c262635f90063021f2cf7fdc18efc3ef727c3d79f9b26d179aba3c9bf32b46c1b549570eaa391b3b5cad4cb4492031953bca958433d826bd042994315c4826604c05510f6602708b284d008010e610300e3e2dc31a79e800202181c180770f3da8e5695b8cbc1620997a89eb8258e54efa3aea8d9941fc7bf1be4f016ea4882482689ba1474cb1bc4c028037d2c14f6edf89f5278522980db1a6447b69a67eb800f4db5e3155bfa1297c84c1a7701d3711d4033db4c63d38205258821a0864407381cee1f31c808f9fd36c701c1f818432711011d35010f3d35d318f98636e1eb4d1f7d30ee3bfa7af63f9e89dfddf3e23571d21e96652bd04100ef67b023b68febbf7e140412e032019df220181cebdff0021e3e89c03600d073a80634efa0ff01c2f2d4d9abcd7c65cf4f595b49736eecf27ec85686b634254f5e4a2055844a91dc30a622a51ca0438808028b2642081447ab053084e48ef075f146976257ed7920bee9a074c1504e4e9b6d08f40a223803c6cc483191229b6523b4054371206bc30b394c5d26e8b991a151fb1e9b36ebc0da3ad7d996443dfb68fbf6d70ea0c3e4ed6daa63ef5a4d9dbd7a9627404686baa28d977e9ee0efd75ae2b9cae841300d475db39fc7d43e79ec3e5a9758a614c4407611f2ee181dfbe350c88079efc49fbbbc8873b560e3ddcd5e3e547982b794eb129d479545436aab16f48b64d3c0a82b55a8c4af4d900803d4711940e92094e3f09804624ace354f51d007be721a7aede5d8447238d387752cd5b9d32d6b10d98ff0094495e64990ef5d83c6ccbe9f5f6e23af632c55ea8ec579ab4848629346f13f720f75902b6891a048fc477e0d41602ea02203d84071b7a8675f2fafd1611d24704884eb1ed9f887181ee1dc71f8fa6a3c3740a88e8023b7700e0f58aa200436b80df5cfafd36efbea1c4a463a5bb13a3a1f9107d47d7d3faf607819c853578b4e0120efd8f700687a7bfeb5c3b4c5f9b203d4238c0f7ed8f5d04303e43c29dbcbaa9f4e0c3a09477d4302023df6f50f2e15144f2cbccdd6d011955d19cbadf6abe979a40cea1ea3a66d1dc09f81966c55546e6711933154f3b8e9044ae1159132ad5caa42aa8a8909bad338157c9f279cdefc39e55b991c64341b1f73c3bea039a5fe7dbe9c388f254136af7a9a3a310c8d66156520f495652e08208d104020f63df80dbbcb97656ea18cb8f1ba82a56a4ecacac03065611f490c0820824107b6f8258ba8d4149327588e31811100ce75c8888fe6238f4d30ebd3f380728098c1a887cc037cf6ee3b64077c0ec209853961e67e9f6e2ea77972bf30ad53003aae656d0dc08e412207f5ceabca7914c850f331800301aedc10472cee39caac5f3772c5db754c8b86ae9151bba6eb26385115d0588451254860103a6a14872180404000301210cf05a72d5ec43381ad98a54900d8f7e8275adfbfe1c547cd3cab2574713519ab96248f3a09222de8491d6a09fa803fbeb8918c660a6325910d04033b0e0370c69dbf1d00447000ba4a54874d3294c1b63c83b06df200cede7ae788f2c644724301872021ae7e5b796319d36c0635e17ec1f18fd2206f2d7b6f81efe98df7f90f0fd410347bfdfede9d87e5c52397c12021b5fca4903e475bd1f73f9fbfa6b87c63564cc986b9318323aea38d33df5d35dc741d0383d6a6c9c3038dc71b0ec3ebaec021f7f970556de81b9571c9209dbca02b8af0f0e56a79525194a4f55068b2be1700c8d2258460f85915e19a3a06a2ebd915c8b65c11ea324a015e765cb8f32653009b97ebde00039c8da7af33ae73bc0074fafdf8d354cdda30b98a6b9521946baa396cc31c8a182b2f5233860082186c770411d8f0156394f3b6636b14b1195b75e4eaf2e6ad8fb73c2fd2e636f2e48a1747e97564600f665653f681e128454f8483a8703db3e638dbcb40d475d3d355632111483abb94074f3cf9863b087cfefe14cdf974e63444bd560af58076cdabae835f210182c80e47b86031c7aa86dfdc4b7c8c69abca06b5a24b2bef248d355d4aced361247645405d83019a62c81e19a0396a2e41bf50a00e50158a50592ea795ae509dd6282f559a5727a238acc0f2374a966e95572cda5524e8760093d87604ce72c73050aad6ad60f2b56b44cbe6dab18db9041175baa279934b0a471f53b246a598753b2a29ea6008560a98040301d200039c6339ce43d7710dc370c0e785291c89b018d8433be7e780ef8d78d1455295556f24789a3695a8aae9549a28fd58ba620e4e7e453628a8924b3c3b28a6aedd15a24ab96c9aae0c902445574486381d52019e14b97dbf01aff0032177c338dedad66038f4cc2ef8cff0019e159acd2aefe5cf72ac12683797358862934c7b1e97756d1f4075ad8f5e020f2e6732286d50c165efd72cd1acf4b1b72d42645e9eb5f36085e3ea5d82cbd5b5246c70dc9443a0321b74fd74ee3afafece0426700d75dc31f4cefaf0a4a9e86ac68951a33ace92a9e9078f5133966d6a7a7e5601cbc6e450523aed909568d15708914ca66552299329c3a0440da7098048e5eaef9d8437fbb7eff00c6fc6e85258d6589e39a371b5789964461bd6d5976ac3635b04f71f4e046dd59ea4f2d4bd5ec53b5130596b5b865af3c4c4230124332ac884a956019412ac08d8d71f4cb144e0003df6c8633bef9d031e7f4e1531e600e810c698d471dc040433f30d3f7f089e9314dae739df7dc7cfcbf670f5d2b69aed54916ca6e9eb5f7167e11e828665310d4554b2914f5341751aae66920c631768e4a83941641414563f43845544d85133941079a0aba7b33c3021754579a548919882dd21a46505885275eba5247607847f7364b2bbaf8aa17b273c7134b24142a58b732441a34691a2ad1c8eb1891e34672bd219d4160580229818049befa7d74e0d4a701c756bb6074100c088e43b67b77e3ccd51d5b50e5644ad28eaaa91193070660153d3f2f022fc198a00e8cc82559b51740d85cb6f78143da7b1f7843da74fb54f25e839288e07380f4cea23a6a3b80e435f2d351c0712504d14f12cb0c89346db0b246cae8dd2c55ba5d0b2b6882bd89ee35d88ed5ce5b157b1d727a97ea5aa56a12825ab72096b598bcc8d244eb82644963eb8dd244ea50191d1c6d581231c14074c07a0e35dc71fb33b7ea8701884297b00eb9d437f40d07d7d36f20e362aa81bf547ab219f96723e5a633a876f4d720d45fa4a0003aea390d7ef1d074f2cebb8f0a8f7fa9dff403fc70ca247e90bf3207bebd3dfe5af7edfd783a41400c6fd87f3fc35d7f21e0e1277d03b88069df1f3f2c8fdf9faf0b1a4b97fbfb5ab745ed2966ee64eb05ca432326ce8c9e18954a6003145395559271c6031040c5e9740220203b0e785bbce5139ab6288aeb585b90a10082712b3807120b094007200dd81dcb8137ff00bb2a62a08e0bd23d581899398f015a5304f9dc3c3383a30cd93a51c8181035e5bce1c13dc6ba77f8eb833afe0f789d97a83218ef0eb9eb218e74f316f51e52cfdaa6f1b00dd6b660c7c903211dc3072a7d4100f66a7df831a987180011036e021df53633eba80e438f06765103080886f9c8f71fa87f1e5c135534f56d423b231ada8faaa8f7c711e8675553f2f4f3b3f48e0c29a12ed5aac6e9100ce09801c64382224b80943e30cfa807986e3837569ae3ee0f399af6629d1258658e68986d248a4578dc7607a5d0b2303f307e5dbb7603bbcb590c659969dea36a8db81c24f52e412d6b303e90f44b0cca92c6da23ecbaa9d1075ad6cf5cae061d7cc477d33f5f9fcff202076b143cb7fc03d7b8e9f76fb7015c490647e3ce474d47d4341fefee3e592276fca2023d590ce436cf9000067d4751c06339111d05fa49e9dff0f71fe4f0fe9639fa93ecfcbe7ade8763d8e87af6efbfb81e0d45c944043f60fefe037bceb9fc35c7e5c274cfc034ea10d007bea1afd33f2f30c6433c0733f001c889873dc701a8fc87fbbe9c395986fbe8fbf7edf2fc0fcb5ff5e27171cfaf423bfa6beefbbdb7ff0051c2a8ce8a025dfefd301f31c8ed8d71dbcf8da57a001b9b5f2fa798e3b79e3f3e10ca4860435363b64477fbc73f90e3e601e8b258c0f50fd4750fa671f2ee03f83a5b1f33e9fedf3ff07ee1efc2a714e554eb64efd47ddf77f43ae1c86cf43219110c67710010fbc47b07e1a6b8e146da47b18c3fe4e43cbb79761d873a6991c00f0d2b793db26101f30111d7003b08e0701d8771df6d0e5bcaea1f18e03ebd8031bfa0e47eb9f35848ae347fa7a8f4f63fdfd3888b987660494f91df63f2eddbb7bfd7e5adef876d37c0380030ec3801100d873d87e9b7d71c0e4df00880e7022001ea23e5a643b6b811f4e1b2465b18c9c73a079e301f3d73e9e839e0c12950d07acfa0806faf7db23df18ffee83238d4ebdc6ff0df0393619bff0009f6d6bef07ef1efdf5f2f5f7724af4a21fac70f967f1d435c633bf19c219393012e861dfb8fd3cc7c84475dc78ce35e903d3f5e87fc711cd887ea3f64fa8f61ff0093e63e9fa1bd71229a9a064447d7b87cfbe9f7f0280f9c6b81f3d303a699f2fa7f714154c6351c8f7d303ea3dbbfede04a6a76c8e98c80f7df6cebe5b699f90e7e51f49deb5f5d6f5b1f43faf7e3f729c1d26a0ebf3f3001d4770ee3a6ff004db23c1a353e544c73a7506bf50d7003be3f1f4e138457d474eddc3e5aedfdbf5346cae0e4011d8c50c8677136990c06751edb70a74800fcb441eff777f90f4f5d719c3a4cd41e9f3d351cf61f2f3dfeeefe47455030201befdfd370fc34fede132c94f80bae00403e5910ce7eeede61b706c53643710d74d47180db50d7e980d77c871132b907b1f7d0edf4effd7e7c2a90efe83d4ff41ebee7e9f8efd7814b298288e7b9b3e5a008677c943e99c69c1182b97c03b0014c1be7fac1b06a018dbd3cbbf035738140444c22023a671f5d43cc76d338f9e048414ff4c0a023a0943cc351101ce40475cfe581c0e78d5492afb3bfb24fd7dbf0d76f6fa9e178e3e874d77fb4a37ffb911bdfa7a70b96eb0609a8e850d403500ce7038d7eff00bf8312a9e438d761c6a3a7d7f1e13a82c1a008e721df6c860073b630221bf7fbb831038e03060c77ea101000cfdc18db6d3d31c4731ee076f507bef7bdfd3fcfe5db89309a03b6cfe63bebd3b7b1fefaf5e37b85b0530e74c08e077111efe9fb7c87b7c62b8888e0718df1df61c0880f6dc3f57b6782f70b009443222381c796407cf6c797d78d6c950c60303a8e99d070003a86301ae77d84785c0fe131d1ecc07b6bdbf2fbfd3db84c47fc4f4ec7f33dc7a7b7e7a3e9dc7af0b5496d00723b63191f4d3e7fc0e074015ef02001aea3d5be71b0e7c83beba8683e7c27915fe111d434c6c03be47218ec381111d3cb3db814658a200219d7b080671ea19fcc33f8f1aa368fb6b637f8771fdc71ebc4083dbe635ebf2d807fbfaef82c91701efa0039dc35ed801100111110f2c80f9fa632af60b6485d447e1001d7e2d83d7410c633bea3c36720bff8e973fe6063001fd7363f0d7e5aedc2c18bc00028064444a3b6fa800631aef8d4350f908f12b64eebc3aee7a3fd35fd3dfd343d788bae9ff68941df6703d7d4ebd3e5dff1d6fb9def6af595fe8b7c860435d40300238f5d7d73f970cebf532edcf7caeb0e076c75880e03c871fbf8738cb2829e05250030181f667e9db411c8087afcfb70d3c891549e38f6c9a898196504807218a021d43a86403203b8086981d0786f8d2ad2480eb6541037dce8fd3bfa7a8fa70ae413a5233ad104ece8fcbd77ec37f770184dd472807500089433b00088eba00fcbcb3a07cbaa2f0ebf087e5f39a1b3ec642b69616d312312d5f8bf6b2cab37ed9c3b4fa8829826b9131e9c800a67218b8f87a702003caa8a8190001d44c00002019ce362e077ce751db1b71d0472496cfc49deda86b27cbe55510c1ba6c115a3e3e5127855d56442819048af5231d220817024eb4040c5c9739d7887e71b698da94e77c9d7c5ab59e82d62792012b32af480f1a3b009dcb12005ea1bf6d48f2cd46bd62dc498f9efb2562c3c9852c7903ff198de48d5bd885eb05ba7a5747bf12faee7827d95b4963f9c278c9e48d635b5a6a6db55546ce3c9778c7ecc6ce55290a89ccd00cd5f827d0a01d359aae2a10c00604cc053f156b5ff0082cf379423ba323a2ea4b1b5a5635ac45b89d84b7f4edd78b8eb8e48eba0a22852af14a6aa84601459b1df2a2d1d388d76f8accc91dc2e093528ae59f4b561e30d43d9ae63eb9aaab6a3e9e8ea458f45c3a66a5814659dd4b086e9214d1cb99074dd54841613b74dc91305840e43a8431409c540d71cf1737ef798ab31cd45ce2aa6ba56563a8b616e9fd45439e1a0c2228f40c7a71b2f1856f1ede4dbfb05cc61501403b84942285500b8c29cb37addff003bc9ca63ef0898abc90d933f54de52ca88a5923ea57468ba9e1764d312db235c21cc54e2a4b133d0bb4bcc059239eb18488bac46cec16490232c8251d122860046a37ddb85e539c90f893d8aaccf3b6b285bb74ed56cda54eddcd73636bb4dc7d9e853736481ab23246b9b775299ac7af1d3e54e325629f4b20b0c8948899ba8a100bc35572e2f9f2aba9a9ba66f0533cccd6d44513736a1abab165574157738da1ae4a8c1932ac25a6e7646364948fa897862324641ec8bb398ac8cd1c9ca740c998ca1b2be20d716d82fccf30a9293a6ee3d07cdd3a524ef050d24fa729a6abcc96bc2dc4692f4bcd53cf9bcac03967500aa04488aba68e592c66ef1bb80294424ff00321e353cc7f3074e531094e356f622ad84bc329709ad616f2ac96631e78296b5b196799d21350cf5ab94a519c7d34cd717f3530f248f20322ffae3910301b8b0a31794a868616523466570800e9524152eec74c590803b01d409d9515e482b48c5836dc13a0e9b6ec7b69828037dc83bd8f4f99e238d81e6c2cf72c15cb7bd961e84bb1465e7a7a9ea92229cfd2eade89b996f5c2b5441bca765129988fd00a1279ab55a3e41d7b155a4c3c72d57f64a015612094d60d21e3957c6f8c043d1d79ed45bba8e9a87aa697ad9a2149c9d5343497e94d215112a4867eac93292921559fb603b37716a3751b2e8285503d8ba4925c91839055a88e50799983e65efc4b59abcf6a298a52e29aa4a7e81aeed15c8a81dbeaa68f9889897495b9aaaa1825e5bdd26a45abc76cc1819d208a4a28d992ea265446e12eb73a7e0c7cc22318fad95a8b316b2e49e6293fb7aa2b9dcb63da7e947d41b5ad93755c41231f6ae2259046bd96a68c73c2d5076475489a6bc61a6e2ceb26a012e0ed08eec4bf0f35a89486220ea6653d4a7a8051d63a476da9046c9d1f4011cd587a96eb3cd35688ceaa04766671d6817ab481cb06d0d9236c412cdaf73c471b87e2cc95d5b4576691ac6d34844d59736d4d576d52734756a9c75b68d52a5b86e2befd2535bf734f9d50a80c77678c94962540aad229a24726226ab85cbc47eb2d72390fa52a9b810b39175e2d445c0b0f1d4e36a8eed5054ad6921415e146a08694979681654cba7cf52a79c47b176c22a61826de7ca0f0e83c6c8b7555109d53958786cd2fcb97360b72d5505031095c6e5eab983828bafa6aa035e87f700b78fdf60a9f8da6a67db43c753ece896514fa05fb2e895724540af1daaed2789a75ff61b91ca5eb6a9ee750172eea510a556872ff1976ed212d85c7a4a7d8d493f255242311a5a45d2e6040b36c619e49ba93a70c76b28cccd8ab1ba9b9726b7eae46908ecf4416b1f18b03f8721915e59355b7308dcb848d1da3040263e90cce34cca283b7cbb047149196648a55591a4a72771df6855b4e03c7e5f528f6f70c09057b715ef85e5c963cc29507540db560355ce4f5adab19c75c746b17b4f91a530947d29196e8c843c3420ba5bedb730d289494b37416f784a7a01240add756047881db2e4a6858da69f72ab3f504caee2a99266a3d525e9f9ba6a668cfb1a35cc4ca154695cd4b50b19f4e44eed3934e5e0a934d7238f649c331598a855e795d4f085a65ec773086b5576eb2ac2a3b415b54102d6295a3a9d0a691a6a15852ee0b525455c3aaaa0a2dcb13b8a84e9489e91673d270a9b749c388172d9451ca508799ee58eedf86b4a8c85bce68a0e5e6e6a6df5baaf212867e7a76a26521151f1d3a09cd526b4acb0cf510f8cf0e58499926edd176ed8ae2ac4b4eb40cb0765ac8984a3ca8a4899507c50456b2800460c15de2258820920a9d1d92546b899e59c7d4a793c61c6f36e7e4b90cb398796f2176e478abec69d6474b93ae3ed34312281346d2472c266675ab146ee5c26ac5721b49de7e53ab3e63a46bbad29094b7ccabb917746b1a561eb191b88c29b4a3c5949dbb8a426e165863e21e3e2b2ae9d4a94ede192283f68b3848caa0da045aeb5958ddc9e734ed0cd19c84bb48f5a4ccd5ec8348d32cd925524142a0a3c5134d65c0cb9041021facc5eac00814732e49cb5737dcc5d150fcc743b7a76a7a724696b8cf25aaaa69f513440d35136a4533d5edebd4a1d95291f1d307692cc9e333c8fbd4954ac645811172ece29b64a0ed3d4cd4b5039590a66126a71cb46ea3b72841c6be93708354cc521dd2e9b04175526e43a84299738153031c80270318b9627e1fccc6818cb091a4616678e46867c880919f393aa3b10c0fea488e3997b8672ccc4826c47eff0bcf2f3788387c8da9f21e663294d42bdcc7f217f16cc52626d7936f1591cbc4d622947c4642c63666f2fcaad1d786244e1751f6e6e2c3de986b4677eea88aee4aaa80a37db849bb6e112faa5731a93555c3b88514702d041fb574b8b5f6a7f661d4521ce00409453d4a73ab622e14b5adb71766baafa66977f342fe22950b8abc5c7c912a82b970eda40dcda62158c9bf92a999a7371f314c339b0752699251b4803ee95461cd2ca5670771e96918429db5750b53c2484284d9926e284e46bc6ce630243ed85106e9269b84100303e51247a00a539884c884d98ce65b9a6e53aec5595e5d2b7505275adc49763578a370190b95235c966095722b524b46ca19cd3d0f28e1eb678b3260ba2ce4991da9ba544ba0fc4e621ea209de66cd63e317c2fc7d46b127c15368cba4323c06189e779922472d5fed805911580e9aefc4cabcdb62e636ae2eb7865ce571f93e59a1e47e668b114cf36732c3769c33e469c3948afddaf84a18db390b0a90649fc99658abd89e65919e549d595ef3053b692979ae60a6646e4598b82f5a5bf65f60ca52ffa730d565abf7c93651ab0c8413f918da8a18b56bb465cefd81dd4cc7cb2cc559513741d2695af30e859ca02f15a8b2b255c9a9bbdf4ec1c2d6c35b366703314f3a859717ca230a7a6e79fb394464a3cca45c83b906514b99ab85db032f663d4779a8ce79094db5b6c546d72cc25edfde7acaf5a5350b58140cfe7ebe8d422aa56868b9ea6679a20cd466d9308e295431992827500c7c90c9bfea73fdcb9cdd297da1a7ec3af1d35731d494a3493a9e3985d95e7577b6f6229841b543524a4bd375142388a9c8d526e9f7d1e4984a385f890ed8ca2475dc16557a76904c9cd1f0f6d60302cf90ad6e6b015e83fc4c51dc94c2a2396779ebac73061124de6432bca540a8b25539cb045b1b7bf6785cc72e4b9e8b332e339473dcb18dc1bdac673ad36e5bbf7f956afef1796fe371143039b4cae35a17bf7318f532f4b1b46b991e0a7299cc5455a5af9fcb5ce94a965e9e528f9a818a6c7557984235dbe14552011ab85c4ed9154e97498ecc49fd2f40ac53a606e22d55132d672aea8e6991542349598917cd8aa9489a80ddd3955647da264c14870298b900fd51110110c6384f2c898c650c520017a8c3d3d23a1447e10011f2db7dbcf8d68a27eb11e91d7203f776c69f8fece2053337ecd1a58b9ca9ad46c59b15dba7f8dd76d60575790925e30b02045d009b600f7d0e8d8391f018be64cef37d28e68729cc18dc6636fc424414561c5496a5aef05548d5629e47b92b5993adbce60a480dd4cc19ead83e4a3be03039f2d3611dbd341fae46de7c203c226eb78a75dd916a9493eb71cb8db4791c7bc97748c8ae1ca6abd299cb3a02dfb77891d8cc57f34d133383a8e81588a3e20e4a8279276771014f54b52d194e4dd513f0d4d53f1aea567aa1968d81848a684ea73272f2ef116118c1a90440a772f5e3841ba24131405554b910c8887ebfde1d5c9a51fc83f27965f968a51ab2fb428fa61a485c59d685289eb1baf50228c9dc3aad7702422ee117f50aae5ac211d1955632976105069aa66b14d8a511e6ee629f0b4d56b305bb70b240c40611220532cfd2db52c9d6891ab0e9eb7ea21950a136c0e1a1c84db987557ae15a500ff00de3313d11123ba8600b3953d4157a4152c1818f279c807295c88512d68ae5a6ce5314429ee2dd9cfd70bb44662e6d6aa2242fb47b5957d209ab50cd1d770551d92341d36a7e31670b25050d14c848d492f5f494745a40e24dfb28e40c72a40bbe7483444ca9b3d2982ae144c82a1b03d2403098703801c0f1415e3e7e2e333e1b364297a16c82d10e39a8bee9cba743bb946ada5995aea1a2408d67ee83e86729aeca4a5bed072da0e848a9944d0d213012f30fd097614948c04afe6b978af4de8bfd58c95c0bdd742bdbb15a4aaeb387952dc0aa662a9951f6ea0a8641b389776ebdc18a7a26d635895b47b26e9a2d59b641aa2924408c1f2664f99e26caddbcf0453bbf976278e4b966c943d2cfa6963d461814576909255ba53a40248329cc94304eb42b5549248957ae189d2b43006019576a8fb72a431013401059b6481fb5110e4548455239544d4294e9a84301c8721c00c5390c511298a6288094c02202020202203af23dfcaa2a33932b67caad2f583fb0f6c439b7bd1732369bb75732161d3a5ebf614fd2e2954f722a99a91a716883d731cd2386268d330ac8b50338d7970d9cab066de41ba4f5bf12bcb473c9ce3f27f36d66f96ee62ee9da816eb116520606a776ea8893394fed00b3d6f66fed4a16a2440e227042769d91480e226293a8447878bc403c4a7999f12aaaed5567cc8bba48f2d696de1a80836d44423ba72124567938fa6a6eb390855e5251a36ab6a605a258cf2d0c1170ab34a6e14b1f091c5414050b303c8192c3e7a85e4c8acb46076925680cd52c398d498e19225775686493a3cd5f3dc3c61d1d3a5bb8e66b9be8647116e9b54296e64548d6558ecc281d944922485559658e32fd0de52323f4b2b6c710501e8e07261c87f1b77f3eda7971d7ef81cff0027ce23990a3294e70f9e58b9746cfd469379cb35625175234fc85cf843e4ecebdb8722c9567331540ca17a5c5270310ea3e56b16628d40ee499d28bc7b5aaa823c26393a439e8e7fb97ae5f67db2ce68094aa16ac6eb0a6655228db2b7d1ee6afab23547297f4ac8f54b58a4a8c64f13013b593a9582c1802098bfae2474747c3c7b0898960ce2e2a2d9358d8c8c8e6c8b28f8e8f64826d99b162cdb2693768cda374926ed5b209a68208269a4910a4214a12de22f385ec44706231b3b57bb72233dab31b6a682a9768d121607f8724ee921320d491469f6086903a44f2572b52c9492e4afc2b3d6ab20860af20ea8a6b0155d9e553fcf1c4ad1ea36051d9f4e0aa14648db7b5f6dace521156fed2d03475b4a1a0d20462290a129b88a529c8e20948538b4878468c9824a2804299758a87b570a00a8b1d45044c2a092a969b8772dd94bd410914f1de3dd1a494ab062e5ce4c250f7741d2e92ab64e0250f665364c0201a871c61ff28a7c6e6ef5a7ba52fc8672795d48db793a5a2a395e61af0d24f0cc6b64e6ea18d42623ad7d095134303aa5091506fe3652b0a9a0dc37a91596914298612104483a8909de22a72a09ea965df4f547332b50ce4ab83bc939a9b91792b3122ed410151d3f927eb3878ed75070275dc2ca28610f88c3bf02181f0d2fe7294594c8648505b8a27810d76b96658e4fb493cc5a78047e683e627da95991959ba4b6812e679ee9622d3e3e951170d56f265613ad582374d068620b0cc5fca3f61fecc6aac085ea0367f6cbd0c1d8c5307a0808087dc2021f410e284fc4efc03f95ae78a96a8eb7b434cd2dcbbf3449367923075e52112941d0f5f4c01545c91376a93856c58f7a94bb83192715dc346a55ac6aeb2520f16aa1831fd1c79c39786bf8c2735de1d972e95734f577555c3e5fc24d937b83cbe5533ef6568e96a5d45c89caab45359459d2140564dda899c435414f158a4b3f6cc5ad48d272081cc5adfa9dda9b9d465eab636faefdba964e7682ba1465355ed1d2e99453fb429baae1da4dc4385111113b670664f51074d15e95d9b9055aae522c8a842c6e5711cc1e1d64aadda3917e8949f87bd583449318882f56e5666910ec10c6191a68a443d4ac595d63778fc8e0f9ef1f6695ea085a2004f52c74c8f109010962a5855471a235e746b14b1b8019543217fc792ef5a8b8b602e957365aeed2f2145dc9b6b51bea62aea6a4ca40751d28c4c4f8d259231db3f8e7cd8eda4a1e598aae2366625e32958c72e983c6ce554b33725280067391efe40001a698cef901fa7971d92ff2b3f9358764cec5f3df484422d259fcca7606f23866810a6981522e52a6b51523f22042753a8e6b0b5852b2530ec5555c33528987055246399a27e2d5a3a3603e7a607be98cfa76f5cfaf1d37ca5cca9cc984a5950a23965431d98577d30db85bcb9d57649319602488124f952464edb7ae62e72e577c065ee630932c513892acada0d2d6980781db4000eaa7cb97a40532a3e86b5c7eab1e0906037856726460d86daca0ed8ffdde55dc5a87154fe07c6eaf0a4e4b4de76ce577ff00b7eac38afdfe54156356519c9c5857f4854f50d28fddf33718c9c3ea726a460ddb86836aee73816abb98c74d5555b196411545050e648554925049d699443965f0edcc5cfd7b0eb60556c8f316561161a3330889b76a4ea31878cbff002eb41d7d77bedae3a68e6d7963c3ca39b6acd71717cb78998d659442d30152a45d22531ca10fdbdecc6de9ad77df1d2d70c65e8e59797ce62a21684be366adddcf66ab73364dc5594bc63f998e21800bed212a2f77254100e8a1904dec24a47bc4404c09382018407f2d3a4399be63a987ade569bbff007ae9c9340e53b79282ba95d44bf454218048a24f23e75bb84ce512e40e450a202002020250e3a40f0b1f1e6bcf4b5c7a3ec9f3a5599ee65a8ac24e3e9a8abbd5195a92bab692722b11a4648d4f3e824dc6afa30ef55212a17d51039a9215b2e79b4a75e308c3c1ba3dcaf833ccb82ad265707988f21629234e62a89631d900a83a99a994965124aa0161189a291fa4ac42490aa354d8cfda0f937982ec581e67c0cb8ca791912a89efb55cae20bca55235c8092184c303b304695abcd0c7bea9da3843c88e9f88ff0080d38b3f4fd417cb92f56a1aaa888345d4cd6163a61c2d3b56d3510dca770f656df4d1c0d2356c4c6b62994734dcc7bdd58ddb20aba652f53acafb8b3e7523163014a039dc3bebae03d43e621af971fa9bf1c3278d4f27309caf73568d654244210d6bb98463275dc1c5b3408de3202b58e7addbdc3a7631ba6009a11e57b250f54b36e8824d98a5558c4b2411651a8100ebc1ff0012efe72c9e58e61b06d5d103cd8bc8c9af3ed240bd53d4b4c35e74e90869e29c8f3248e29c4eecea8cfcf7fb53f81788e58c58e7fe50a4b4b15f150d5e61c3c20fc2d092e4823a993a28762b5596cb2d4b151488629ec553512389a448e49780a732d63ac4d6b7e298bc771e02dd3fba4cad736a25e554aad170126ee98735dfdacd1dd48b2210306b10b50c58b6fb76423517a65544da2aaac91920ec05a3b6afdab77cc5cb77ac9e2093968f1a2c9b86ae9b2e4055070ddc2263a4ba0b2672a892c91cc9a84381886128808fe6311252081718c8980074f9636f9e7191efaed9edc7c0f5c385b9108022ee165cad6e5dc36cd8ab2a754addb95e47a8541003984124015595501220153f68aa8702818e61189f1d3922ad71373cc17a6f88bd731f42de3e48e36876b44d7867af32947882c5490490c89375bbb3acb1a811979fb1b78cd7efd883c18b385a628e1b139ccde333704f3476823e5d2ed9a97aa48b34361a4b39894c1660929886185227af61d9a716f0b2c8b545670e1649bb66e928b2ebaca11245045220a8aacb2aa0948926910a63a8a1cc0429004c6100011e3987f1a3e622cc5e296b2746dabb87015f4cdb8797214ac4f4c2eacac3451e7d2a2518b6e4a89b2478293767520e50ae5bc4c8bf523cedc08fc1b28aa443d9ff008c2ace11e446e495baeb202e2a5b72d96f62a9d2f6cdd6ad62016415e8317da22a9430a247ca6a0060e510e38f464dc301a6980ce74011dc3b6b8dc47cb1df4e17f003912ade962e7a9efceb3e2f237e853c7c51c6b0b3b63522967b133977915a2c932c70449094923591a5914b45c0a7edf7e3ae470752d7819530745a8f34f2fe0b3d96cfd9b13c96d208b98a5b55a8e3a944b0c35e54b7cbd0b4f72ccd716682c490475209156cf1731e090223cdad501dbf98cac07ebfa616ec7f68fe1c7565c72abe09a9747367541bb8d8eab8360001ff00d37dbec8877ec1f3e3a67baf71a2ed1dbcaa6e4ceb572ee0e8e609cc4da4cfe2769c324f1b272af1b27d07170b47b055c3f4da0010cf0cd81a9554056059315f1e2b4d6bc4a5a95a3696c59c6e1ebc112ebaa59a669638a35d903a9e46551b206cfa81c597fb066468e2bf66b9f2d90b11d4c6e3399b9c7217edcbb1155a54a2a966d5897a433048208e491fa549e953a04fac46f113e5743993b14fd5a7e3c1cdcfb680faaba0cc8a606792a42a041a8e904c4004c60a8d83548ec512f4f5d411906075526e2e7ab9203a8a144c5364a6208818a20206289430241036a020218101c60435ee3c779b19251f331b1d2f12f1b48c54ab169251920cd623868fe3df374dd3278d574c4c9aed9d365535d05933091448e439444a601e3972f14ae56c2c95e535cca56381bdb8bc4e9fcba646c974b3a7eba010735342f4900526cda50eb05471091852218aee5583244ada14440bbc00e75314b6391b25295eb69ae60bcd254a4ebb93218e01bb832057bb0a6805912e6c9795178e7fff00d23de03457e9633c7fe57a8933d68e86139f45450eb6284a63afcb9ccced1fd9715dde1c1dd9cb4864af3e0fa02c3527938ab13b8c1b5f5ed9dbf1efdb01e5c7603e1a86ebe48ac51b20398dacf50db4b935907ece38f2706e80110c67a8719c86981cea19ef8d3bebae9c760fe1983d5c8e5871f38dad7ffd65d69c137ed13ffc6862bffae5abff00debcb71527fe8c8403c6ee7070340f853971ebff00e577251f4f6f4e208f8d2392a2f796f01112f5b7bb581eda2b6d770faeb9c60038a4b41e90daf5e434c6a038c6763698c7ae323db6e2e43c70dd0367fcb2800f4899ade11df1912ad6c07cc3cf5d7bf145ed250031f18e07bebd84360ce40750c8640431a8f998f82efaf0db9687fe5cafe3ff00bdcc99fc0f7febc73efedf38c33fed59e2b4c01fb7272577d7cbc3be5053ec7b7d9fd7af131f977e5fabfe652be6d43d0a89124924c8fea5a95f116342d2b0bed0133c8c8a8997a9670b0e508c8c4441d49bbfe893145b24f1e34e93b97ee49ec572f8c182f0b4cb4aa6b640899dddc0ab1a35939e3bd00ca8ac2a2a915654c37eb31ca8a10a922e85bfb34a424249620b9396f223cbfb1e5ff97da4a35cb04d0ae2b560c2b4afdd9d2295e8cccbb44dcb28358e20272a14bc6aede1d36c5399b83f4e52411005249731dc1e68f990a4b95eb5527712a54fed2915172c3d214c24e0adddd4f52b949655a302ac24505ab16e8a0b3f979014950651edd5149274f5566cdd73ff00889e22730f3d731bf2af2c4b693106e9c653a946431499bb024313d9b72ab217ab24819a186474ad1d655b16144819d3e937ecb3fb2cf85dfb39785d078c7e2dd1c44dcf0304bcd99bcdf31554b75bc3fc73d75b9062b0d5258e65873156068e1bd7eb412e5ad64e5971b8d90d6314362467019078d1c98e46ce9bb83263850a82e9aa64c7c8e0998c241d7636078e35afbf3737c6ff00cabe7f5f5752e68770aa876945c33c77114545373088a4d9a53ed9c7bab83245104bed09419097724287bdbf707d422b0cd3a8f729bc8f78e583c40c0a20e992eab5748a81fd749740e455230068062180df1683c1052fd9c2f495124c9734d5a775903356ab8b92f411b91be8f8a92fd279083f658ad6001d952e34481e6fff004a5e023cdcf5795bc1fcb66b0114ed1c396cc737d6c0646dc21ba44eb87adcbb9e8ab8651e6471c995924652ab22c0fd417bbfa8a2e9c9785916556c742cad3a76ab292ccea166c5f431d92299945cf22da4935591db26914e7545c2629108061360a023c715f7aebea3aaebb970ea4b794f46d2742c9d552a7a46021da7d9f1eca9d4171691274d8818a466b3f66dd19178d51211141ebb70920449121130190fcf3f33f4ed0b56db325e0aaa728bace9b93a564e26aa77fa50e19c4cb345183b4e0a6267df26e08c2c9770d489c64937685497388b6150a89928b49bf000c018c2021fe6eb9ee39f2cec03f8ef65f853e1be4390ad66e7c864a1bdf18b5e0a0b524b2900810b4b3cd3d6942a25a790428854cc638e37e9948999472ffed85fb4bf2e7ed2388f0fe972ef29dcc01c23e4b23cc1266ab6326c83e42758aad0a38ecb54696c4d89ad5daecf2891692dab36a169292b518a4771169a3184d930e819c6d8efb67cf5d31befdb82a5a5ff00cf1ec219f90e821fbfb6fc22947c60d8c01ae9a682018d04034100f40c6baefc0059f08672711fd61c008e03039ec3a770ec3e7c5d82623e7dbf1f97bec1f5fd7cb87eb60a35e93d207d0803e435af41f76bd385b292a1d8c3df03fda3f2ef91df3c0634b6e02636beb8fa860434ed8d37f4e10e77c6c060475d771ef9d8323e7be9af9701ccf8dfe5086bfd6369dc34cfcb8dc4e7e7fdc7f93f77fb7ac9c7864f528091af61aff975bedbf7f627d785b1e504077111ef930879f9675d3b871e4654031831b70ceb8f2f330e99eddf4f2e1bf5643038eb367d07e7a644738f2d37ef8d78d43278101ea37d31e7dff67ec11e371648d9dfcbd3b1f6df6ec7f5f8f0f17060aafd8f6f91f92fcbb7d0f6f5efe9ae1d2425834113886fb8e99c8ee39f20f5d3d00706894bebfae3dbb8677f2ce7ebdb4edb33c94aebfac60cfa80069aedb0fcc7223b6d8e07125be2cf51b4d77efb6baf96785d2debb6fe5ebafa0f4f63f970d27e5fdec7477d6fd0761f4fc80efebf3efc3d4499000ff92183be04db6a3e63f764447e58e07a332390f8b4cefd43ae3e790c00e31e9aefb3305993807eb9b2180d0c21b6350000c8efdff00e0c1bcd0e322611ec2002390c8eda6ff3c80f4e9be04ae52e0f427f2ec7e43e7aec75f87b76e2166e5bedbe8de89d7b92491f4efdf7befaefdbd7bbd0499c063ac471e5937cf7dbe7a671e9c670d4a73438c750e9a6ff003f501c7908efc670b0b6befafcc7d3e87ebfd7e9c459e5a1b3f607afb0fbbfdbf47bf246039d0ba6370d831e9a0f7f90f9f6e3694fe791faea1bee1c0129fcf41f30fe3f2e3781c0719db1a0806db7dc21e81f96bf2d08d1ee3eefc7e478fd910723ea3fb706291c0444475d003b089771df3a08e98efbe78336a71f6a41ead3da1433a888008806303be3d4738d73c1190e05ceba8e322021f8e3f8fbb1c18b5547daa61faa2272800f6ce435c6fafd350d3b63083a3f71f4f503b77febdb8f431eadfa6c8d8fcb87519a81d01a888014073ea21af56477ce75dc75cfa9b81b4c80e03beb8fbf84eb33e49f300f96033a080681b069df21c1a829a0e7a87201a977c69a674feecf10731d37a68efee1dcfe893aeffda6123eca3d7b0ec07ebfb7e3c6e554c94473dc76ee1f96a19fa79709f2aa02fc3fcd2634ce7191c0e3cf2510cfcc319c7068b1c7060110c60443b08069df3e7fb384e81c024444044704d33e6061d843c8474fc71c645dd64df6fb1eda3ee3fc77dfb7cf8d994078bb01f6c0f91f9eff00a7bef85a36547b8863a74c8ffb110efa8e35f30d87501e0c04e610d0c1b6a061cf97a860407e9e7e5c11363889435c0e475df3e7f5efdfbf03bda183002218100d76d7d3bea221b8eb91c888f11cc0f5f6d6fb1efe9feff87f8e2497d07dc38f6b2bf08ebd84b8d4350efaff005b3a6df5d431a99aa003a797a6838ee1be7221a0fcf51e343853003ae70511d35d44435f21db80ccce39d44471dc74f20ead34efdfb0e7d787480f94c3e4477d9f51d3f4fc77dbdbe5c247fef47ebdd7fdbf2f7e15c9b812806bb681d405ce34db50f5fddc6f338102888f7c01444031aeb910011c6df4e09d35040076111dc4433afdfb000007f5ba8370edc6c157050c8e447a807700d84740dbbe474df5d72200801a6240d7dc7eef6d0fefedf770a328d1ec3d3e43820955f0f4a05eac9803a434ff0028d8cfaea1df01d874d64ddada350768b774f13055554a53e0c0510214706000ce7180fda19c711464dc74be28ef8128886035c1c444303b8e319edaeda6b36ad34d3559933314e40fe8884100c0748f4864074d31d238db5c70c39bed5aab8681abf52758d48e9b0741410bbdf604efe8743ebb5396a0ad3e4ec79e149428503688d9f52413f4037f227e63895f44dab819f0f77519a46280064c6208feb0e9aec3e621fad9d7851cbf2a51935ede38f1a92ad162983a489944c99cc1922891ca5eb2e37012814431801001e1476aa61b3250c558e4022a041038983402e477c807d4076f4c6651415c9a719c8fb333944c6020140c631003e00c98407238ce037111c0e44770e39632bccfccb8ebf33509ed37400e815a4ecc3a487077f6486d9f9f6d13fcc0df3430986b95624b7140a1fecb160bdd4820a9dfa823e9aefdfb6b8aa69de466a27ce944e964d46a762e808e0ea828a2629954c7c44388184e202025310fa8e404a1801e2ea796ff0011b57c3f2828ca6ae7538f9da2d23d8b04978e8e32c0a15028205504a728894aa0086a2222061c1c7a4722450179a858b4ea15645465976a75a3d62430e40431ecc0303b867b88e350f2a9ff0011ebe9035f485314b5340928549a1167c0dc081d2722e00881c00c2613ac3a74088060a19ce03823e5dccf31f8999cc4f2c73250b12e2a291e792ea96867aeab5e3964945a2ac7dba02bed76005049ef059bc4e0792f0b94cc62a7adf196214aff00032a09ab58ea90c71c4f5895520921895d36b6dbec585c3d5fe39fca9dc5a3efdd315ad217353fe78a9a253899a0a2981cacca9154395d908f9fa0822a98e629444a4308807c4502f11f2e2f8e0d275ef321cbc334a0a54fc98d1f0b6523aecdb5ae2ddd1356cab894b6ab0b9929fa458ba3b923578f552354575537ed169264451a2e52a06020d13d27cb7dd7957f49494f5bead9a507352f168c9d511b00f64dbc7c3b978826f9f1c58a2b8a7eeed4e75841502e00b910c6478e9a89e0d1e1fb70a7a9ea469dae2afa1183a94b271946dc76573e96a957be8f6bb40e15b53f0546ba6eabf809ca5fa4ef0caf4ae910adce472d48975896c4c8cbe14787b6e9432dccbe416f417955e9d9ad96ab45a015aa4b249e59574bb1b4b13c5144b3d98824b65a115e095d2b79a6e73e62ab3d9969d1a06abd66fe2d4b94659d098511507db8fe19a348d198f948c81fa1f7e6b71072dbf3bfca0defa8f9a0697ead4f2c34c55ee0d541f941bad5c72f6c63e8d8e8698ba89cc053f77299b534f3b17f28d2dd182228fa85ed312eea0d54146ae643db2c5786ddcdbdc2f079a4e893547cb6d8ea56f14c5477d6aa839fa755acaead015042d0a7b57125693d6fd217ab3789a64b759794774c7dbd4f4b395a29a84538648b57091d1760fe06965a7d9cf567177dee6daa80a6290b9550cdda8b8f4e513337c8ede87bacb5b788aae322c2a2a1e0c94254f1e996ad464255cb470d582e8374d5780a95d710d2e3f857dbeb51482d72e4f9f1b5b0f4fbebdb595a3b53537e8455aac0d533747514cee045c8ca5574f49ca8d12f1ea0e50825db2f1d2230f56826c9178fda1c6453b0b0fcddc9392961fdd79ecaa956588d15af90f29a558cc66126bd5724ff0009a76104cf1efcd9633e586280b73159c856416b1f4a43b6dce5eb178d4bab060b2caaba5d88d7a9412341812dd4d1afc39ec0d93e6439bea52cff0031352c85b6b5b370370e5646546a389a4e4593ca7e91989da7638b3751b608e2387922cda32202ed40eecca0248a5ed152938bfabc9e051ca55011d1357da1e61af45c68a979da3695250b4041d01752b5897757d6c852ab57921f64c941205b7d4c24b7b7985c10175ef028028f99a4b89c9061ff00251e25957dbcb6edaf573acb3fb1977eb3b576a2a646e4d637aaa595a394bbb1e9c9d24dff00466e9d0b1c125efedd216314e6929b3c78cb8376ae65e319aa6904a3052be1a55733e6faf672cb09cc543b890b4f1175df44d4b6c9c53f51d675038b6a949ba3c649db935cba566a9e59eb18a7cee7526b2d3cf69d45307066124dc45403bc7f30c4d685ba99b86158630dd15a39acc7d28c88e59a586228e4ba06454770a431ec75c0e647065ebb57b18e794bb32ee592284ec82e34ab249d4aaaa74dd6aa7b7b6b764757f847d0962ec77353595cbbacf6e7d6d6d6c056d75edc9edd403b656da38b4b5dd5add46bc9aaf959774d672765d18a9359fd0cde11118429cc65a79c2ed4c89aa42cd72ad7c2f912eafe8a40a306f2d05b46d762a68fad9691a4e41e51efa76229e6af20117d183f68aae5dcd34550f68a3368b322aeaa2ed4390892a414d5abf1372d8b1250f11ccf1f97baea25d38fd17a72a7abc9455554ccf54cde19d4c39b7ac673d8bfa7272a73b46ce655c40ab10f650e88aeed453a54035ac79abf136e58ae4c556577ea1bcb45573276c92b46c06f551a84bb4a8ad6c0c8b776851eb435c18292859f85859541a3a226e19bb731efc88ac4591547a86c9a7cd77944cad7eb5e9a49768cdd282244112f94b0c4a55495590b69b68cc1c993ed715bdce4fa8dd0d15492a2229529f6d816259b6d248db6e9257bebb80000808d296ea720dcedda6a6ae54acc52eb46d2b47d62feddd5c785b8f4fa8d25eaa8d671322ea11845369e49e54ae0ade5e2d64506d1ee8ee4c7295b22b2889c126eaf323cd75a4614cc5f3af405cfb934635f7aa7e8383bbf722ba7713494b47328c5a4a2e9f7517533a080986512e22937d4f3af64b3362bb413c72698a6207b09e2e1ce142bbbc93a8d4342b9aaefb9e455b8b58b8b7f0294fcaa924586228b0a71c9b08259c311818f3413a91877ef29dc38082711e45d420e5efe7b2a0e7c41386e6b2eb5536d63632556ac58bba4297a96e8533335abd60da1debd75464e5d2836743a2a3040cb1dd520d1fa475143334a11bb4237f668c97e6b0dd52840dafb457abcb63a5d8e97dec062dad9d8d29d0248e114c44d03c4b24359eaa3b169904c2f423a1406af24044a9237a3b447ad918a9e9405b80cdf99fb9d1bc9b5d1b0f622c15696fecc5d7ac63ea0b9d5d3295aeab985729d3283632f4dc7cb3c8a4a229e60e556f1ee2a5033f72edfb766cdabb508d4a299e0fdb4b9956dad9c3d47463b8c6528768a313ab294e53953202dd551254e549954d132ccdbaa2a22402ba6e822ed32751525ca53a8534f2a23982a5f978e5b2f6d95b57095f5c88abd2915a55bccedb790a9edc288d36d9b90ca5a694a76b7b6338d63a27df8cd246b23d3f50b57150b078d23549c2341511082b66ee452f6f2a4773156db3a6aea44ba8b5981a9ea99559bb66aaaab20a1245b3a6e92ab20f132206453508528f42ea0098a22202f6bd9713d66164c2f18016540cbe4fa15f2cc20313dcff2027d5493ad71123115d6973140b8082c56bf69a77826923b13e75a4af5e2924beb929640b2f4431d744b922011c287a210c1013d795c4fdc2ac652b6aa1ca4fa7a65c357122e116c83245751a356ac5104dab5211bb6295bb440809b749348a2400226428014276caf3f4d5dc9df1ab612df160eb3b8d42d85a4290712, 'ORG-09B9148E1');

-- --------------------------------------------------------

--
-- Table structure for table `organizer`
--

CREATE TABLE `organizer` (
  `userID` varchar(20) NOT NULL,
  `username` varchar(30) NOT NULL,
  `committeeName` varchar(100) NOT NULL,
  `chairPersonName` varchar(100) NOT NULL,
  `email` varchar(100) NOT NULL,
  `profileImage` blob NOT NULL
) ENGINE=InnoDB DEFAULT CHARSET=utf8mb4 COLLATE=utf8mb4_general_ci;

--
-- Dumping data for table `organizer`
--

INSERT INTO `organizer` (`userID`, `username`, `committeeName`, `chairPersonName`, `email`, `profileImage`) VALUES
('ORG-09B9148E1', 'Organizer001', 'ComSociety', 'L.Thuvaragan', 'thuvarakan200115600100@gmail.com', ''),
('ORG-9EADF0341', 'Organizer002', 'IEEE-StudentBranch', 'T.Dajeevan', 'thurairasadajeevan@gmail.com', '');

-- --------------------------------------------------------

--
-- Table structure for table `registration`
--

CREATE TABLE `registration` (
  `registrationID` varchar(20) NOT NULL,
  `eventID` varchar(20) NOT NULL,
  `organizerID` varchar(20) NOT NULL,
  `studentID` varchar(20) NOT NULL,
  `firstName` varchar(100) NOT NULL,
  `lastName` varchar(100) NOT NULL,
  `studentRegNo` varchar(20) NOT NULL,
  `levelOfStudy` varchar(20) NOT NULL,
  `registrationDate` timestamp NOT NULL DEFAULT current_timestamp() ON UPDATE current_timestamp(),
  `approval` varchar(30) NOT NULL
) ENGINE=InnoDB DEFAULT CHARSET=utf8mb4 COLLATE=utf8mb4_general_ci;

--
-- Dumping data for table `registration`
--

INSERT INTO `registration` (`registrationID`, `eventID`, `organizerID`, `studentID`, `firstName`, `lastName`, `studentRegNo`, `levelOfStudy`, `registrationDate`, `approval`) VALUES
('R07EFDD438', 'E449403E32', 'ORG-9EADF0341', 'STU-8DCBE076E', 'Sivakumar', 'Kamalaraj', '2021csc054', 'Level 2', '2024-11-02 08:37:37', 'Confirmed'),
('R38DF34EB3', 'E9157B7FCB', 'ORG-09B9148E1', 'STU-A76D3CDEF', 'Sasikaran', 'Piraveen', '2021csc052', 'Level 2', '2024-11-02 08:43:31', 'Confirmed'),
('R44C2FF396', 'E4F4CDAC84', 'ORG-9EADF0341', 'STU-A76D3CDEF', 'Sasikaran', 'Piraveen', '2021csc052', 'Level 2', '2024-11-02 08:43:53', 'Confirmed'),
('R4990DFFFE', 'E4F4CDAC84', 'ORG-9EADF0341', 'STU-8DCBE076E', 'Sivakumar', 'Kamalaraj', '2021csc054', 'Level 2', '2024-11-02 08:37:44', 'Confirmed'),
('R5399D02FE', 'E449403E32', 'ORG-9EADF0341', 'STU-A76D3CDEF', 'Sasikaran', 'Piraveen', '2021csc052', 'Level 2', '2024-11-02 08:43:47', 'Confirmed'),
('R7EDB15BDD', 'E9157B7FCB', 'ORG-09B9148E1', 'STU-8DCBE076E', 'Sivakumar', 'Kamalaraj', '2021csc054', 'Level 2', '2024-11-02 08:36:54', 'Confirmed');

-- --------------------------------------------------------

--
-- Table structure for table `student`
--

CREATE TABLE `student` (
  `userID` varchar(20) NOT NULL,
  `username` varchar(30) NOT NULL,
  `firstName` varchar(100) NOT NULL,
  `LastName` varchar(100) NOT NULL,
  `Reg_No` varchar(20) NOT NULL,
  `email` varchar(100) NOT NULL,
  `profileImage` blob NOT NULL,
  `yearOfStudy` varchar(20) NOT NULL
) ENGINE=InnoDB DEFAULT CHARSET=utf8mb4 COLLATE=utf8mb4_general_ci;

--
-- Dumping data for table `student`
--

INSERT INTO `student` (`userID`, `username`, `firstName`, `LastName`, `Reg_No`, `email`, `profileImage`, `yearOfStudy`) VALUES
('STU-8DCBE076E', 'Student001', 'Sivakumar', 'Kamalaraj', '2021csc054', 'kamalarajravi2001@gmail.com', '', 'Level 2'),
('STU-A76D3CDEF', 'Student002', 'Sasikaran', 'Piraveen', '2021csc052', 'piraveen1727@gamail.com', '', 'Level 2');

-- --------------------------------------------------------

--
-- Table structure for table `user`
--

CREATE TABLE `user` (
  `userID` varchar(20) NOT NULL,
  `userName` varchar(100) NOT NULL,
  `password` varchar(100) NOT NULL,
  `usertype` varchar(20) NOT NULL,
  `created_at` timestamp NOT NULL DEFAULT current_timestamp() ON UPDATE current_timestamp()
) ENGINE=InnoDB DEFAULT CHARSET=utf8mb4 COLLATE=utf8mb4_general_ci;

--
-- Dumping data for table `user`
--

INSERT INTO `user` (`userID`, `userName`, `password`, `usertype`, `created_at`) VALUES
('ORG-09B9148E1', 'Organizer001', '$2y$10$dfMWvYs/K7p808dugI736O41eAuGnQwTL8.EfPS0kB4X8jeLxS62a', 'organizer', '2024-11-02 04:38:28'),
('ORG-9EADF0341', 'Organizer002', '$2y$10$UFvvW8JTXMmONknQZv9kVOBM650XAt7b92CyhKcWMWbsrWihG.EAq', 'organizer', '2024-11-02 04:38:47'),
('STU-8DCBE076E', 'Student001', '$2y$10$mcqNlN4RcO/tvCe3FJl.UOhM33jaaGe3uQuKMfweDIQGw0ZQtQkDq', 'student', '2024-11-02 04:39:04'),
('STU-A76D3CDEF', 'Student002', '$2y$10$bdzawUS9A.kCBtmKz8Z1oufZnbVy62i54jy/47TFMEi9kO6J9NB8a', 'student', '2024-11-02 04:39:23');

--
-- Indexes for dumped tables
--

--
-- Indexes for table `event`
--
ALTER TABLE `event`
  ADD PRIMARY KEY (`eventID`),
  ADD KEY `userID` (`userID`);

--
-- Indexes for table `organizer`
--
ALTER TABLE `organizer`
  ADD PRIMARY KEY (`userID`);

--
-- Indexes for table `registration`
--
ALTER TABLE `registration`
  ADD PRIMARY KEY (`registrationID`),
  ADD KEY `userID` (`organizerID`),
  ADD KEY `eventID` (`eventID`),
  ADD KEY `studentID` (`studentID`);

--
-- Indexes for table `student`
--
ALTER TABLE `student`
  ADD PRIMARY KEY (`userID`);

--
-- Indexes for table `user`
--
ALTER TABLE `user`
  ADD PRIMARY KEY (`userID`);

--
-- Constraints for dumped tables
--

--
-- Constraints for table `event`
--
ALTER TABLE `event`
  ADD CONSTRAINT `event_ibfk_1` FOREIGN KEY (`userID`) REFERENCES `organizer` (`userID`) ON DELETE CASCADE ON UPDATE CASCADE;

--
-- Constraints for table `organizer`
--
ALTER TABLE `organizer`
  ADD CONSTRAINT `organizer_ibfk_1` FOREIGN KEY (`userID`) REFERENCES `user` (`userID`) ON DELETE CASCADE ON UPDATE CASCADE;

--
-- Constraints for table `registration`
--
ALTER TABLE `registration`
  ADD CONSTRAINT `registration_ibfk_1` FOREIGN KEY (`organizerID`) REFERENCES `organizer` (`userID`) ON DELETE CASCADE ON UPDATE CASCADE,
  ADD CONSTRAINT `registration_ibfk_2` FOREIGN KEY (`eventID`) REFERENCES `event` (`eventID`) ON DELETE CASCADE ON UPDATE CASCADE,
  ADD CONSTRAINT `registration_ibfk_3` FOREIGN KEY (`studentID`) REFERENCES `student` (`userID`) ON DELETE CASCADE ON UPDATE CASCADE;

--
-- Constraints for table `student`
--
ALTER TABLE `student`
  ADD CONSTRAINT `student_ibfk_1` FOREIGN KEY (`userID`) REFERENCES `user` (`userID`) ON DELETE CASCADE ON UPDATE CASCADE;
COMMIT;

/*!40101 SET CHARACTER_SET_CLIENT=@OLD_CHARACTER_SET_CLIENT */;
/*!40101 SET CHARACTER_SET_RESULTS=@OLD_CHARACTER_SET_RESULTS */;
/*!40101 SET COLLATION_CONNECTION=@OLD_COLLATION_CONNECTION */;
